

                                ==Phrack Inc.==

                    Volume Four, Issue Forty, File 10 of 14

                       _________________________________
                     ||                                 ||
                     ||            BT Tymnet            ||
                     ||         British Telecom         ||
                     ||                                 ||
                     ||           Part 3 of 3           ||
                     ||                                 ||
                     ||    Presented by Toucan Jones    ||
                     ||                                 ||
                     ||          August 1, 1992         ||
                     ||_________________________________||


                         Welcome Back to Tymnet Again!


PART 1
 A. BT Tymnet Access Location Index
 B. BT-GNS Access Within Regional Bell Operating Companies
  1. Bell Atlantic
  2. BellSouth
  3. Pacific Bell
  4. Southwestern Bell
  5. Southern New England Telephone
 C. Database or Timesharing Companies on Tymnet
 D. Service Classifications For Database or Timesharing Companies Using Tymnet
 E. Summary of Global Network Services By Country
 F. Terminal Identifiers
 G. Login Options

PART 2
 H. BT-GNS Worldwide Asynchronus Outdial Service

PART 3
 I. BT-GNS Worldwide Access Sorted By Node

- - - - - - - - - - - - - - - - - - - - - - - - - - - - - - - - - - - - - - - -

 I. BT-GNS Worldwide Access Sorted By Node
    ~~~~~~~~~~~~~~~~~~~~~~~~~~~~~~~~~~~~~~
                                         DIALUP ACCESS            M
                          PROV             100'S BPS              N
NODE  CITY                 ST CNTRY DENS  3 12 24 96 ACCESS NO.   P COMMENTS
----- -------------------- -- ----- ----  ---------- ------------ - --------
      Porto Alegre             BRA  BGC     C        (011) 15331  N BGC Access
      Porto Alegro             BRA  BGC   C          (011) 15311  N BGC Access
      Cartago                  CRI  BGC   C C        51-2000      N BGC Access
      C. Quesada               CRI  BGC   C C        46-2000      N BGC Access
      Heredia                  CRI  BGC   C C        38-2000      N BGC Access
      Kuwait City              KUW  BGC   C          143          N BGC Access
      Rio                      BRA  BGC     C        (021)2538153 N BGC Access
      Cairo                    EGY  BGC   C          (2)3907102   N BGC Access
      Sao Paolo                BRA  BGC   C          (011) 1531   N BGC Access
      Antofaganta              CHI  BGC   C C        (083)251634  Y BGC Access
      Iguigue                  CHI  BGC   C C        (051)27907   Y BGC Access
      La Serena                CHI  BGC   C C        (051)215751  Y BGC Access
      Punta Arenas             CHI  BGC   C C        (061)28018   Y BGC Access
      Santiago                 CHI  BGC   C C        (02)6987788  Y BGC Access
      Talca                    CHI  BGC   C C        (041)234814  Y BGC Access
      Temuco                   CHI  BGC   C C        (045)231476  Y BGC Access
      Valdivia                 CHI  BGC   C C        (061)28018   Y BGC Access
      Valparaiso               CHI  BGC   C C        (032)258052  Y BGC Access
      Beijing                  CNA  BGC     C        3014443      N BGC Access
      Alajvela                 CRI  BGC   C C        41-2000      N BGC Access
      Liberia                  CRI  BGC   C C        66-2000      N BGC Access
      Cairo                    EGY  BGC     C        (2) 390-9111 N BGC Access
      Orste                    CRI  BGC   C C        20-2000      N BGC Access
      Limon                    CRI  BGC   C C        58-2000      N BGC Access
      Puntapbnas               CRI  BGC   C C        61-2000      N BGC Access
      San Jose                 CRI  BGC   C C        57-2000      N BGC Access
      S.Isidro                 CRI  BGC   C C        71-2000      N BGC Access
      Cairo                    EGY  BGC     C        (2) 390-7203 N BGC Access
      Bombay                   IND  BGC     C        (22) 275-916 N BGC Access
      Bombay                   IND  BGC        C     (22) 275-847 N BGC Access
      Adak                 AK  USA  ALAS  B B  C     907/592-2557 N
      Anchorage            AK  USA  ALAS       C     907/258-6607 Y
      Anchorage            AK  USA  ALAS  B B        907/258-7222 N
      Barrow               AK  USA  ALAS  B B        907/852-2425 N Stat Mux
      Bethel               AK  USA  ALAS  B B        907/543-2411 N Stat Mux
      Cantwell             AK  USA  ALAS  B B  C     907/768-2700 N
      Cordova              AK  USA  ALAS  B B        907/424-3744 N
      Craig                AK  USA  ALAS  B B  C     907/826-2948 N
      Dead horse           AK  USA  ALAS  B B        907/659-2777 N
      Delta Junction       AK  USA  ALAS  B B        907/895-5070 N
      Dillingham           AK  USA  ALAS  B B        907/842-2688 N Stat Mux
      Dutch Harbor         AK  USA  ALAS  B B  C     907/581-1820 N
      Fairbanks            AK  USA  ALAS       C     907/452-5848 Y
      Fairbanks            AK  USA  ALAS  B B        907/456-3282 N
      Glennallen           AK  USA  ALAS  B B        907/822-5231 N
      Haines               AK  USA  ALAS  B          907/766-2171 N
      Healy                AK  USA  ALAS  B B  C     907/683-1350 N
      Homer                AK  USA  ALAS  B B        907/235-5239 N
      Juneau               AK  USA  ALAS       C     907/789-1976 Y
      Juneau               AK  USA  ALAS  B B        907/789-7009 N
      Kenai                AK  USA  ALAS  B B        907/262-1990 N
      Ketchikan            AK  USA  ALAS  B B        907/225-1871 N Stat Mux
      King Salmon          AK  USA  ALAS  B B        907/246-3049 N
      Kodiak               AK  USA  ALAS  B B        907/486-4061 N Stat Mux
      Kotzebue             AK  USA  ALAS  B B        907/442-2602 N
      Mcgrath              AK  USA  ALAS  B B        907/524-3256 N Stat Mux
      Menana               AK  USA  ALAS  B          907/832-5214 N
      Nome                 AK  USA  ALAS  B B        907/443-2256 N Stat Mux
      Northway             AK  USA  ALAS  B B        907/778-2301 N Stat Mux
      Palmer/Wasilla       AK  USA  ALAS  B B        907/745-0200 N
      Petersburg           AK  USA  ALAS  B          907/772-3878 N
      Prudhoe Bay          AK  USA  ALAS  B B        907/659-2777 N
      Seward               AK  USA  ALAS  B B        907/224-3126 N Stat Mux
      Sitka                AK  USA  ALAS  B B        907/747-5887 N Stat Mux
      Skagway              AK  USA  ALAS  B          907/983-2170 N
      Soldotna/Kenai       AK  USA  ALAS  B B        907/262-1990 N
      St. Paul             AK  USA  ALAS  B B        907/546-2320 N Stat Mux
      Tanana               AK  USA  ALAS  B B        907/366-7167 N Stat Mux
      Tok                  AK  USA  ALAS  B          907/883-4747 N
      Unalaska/Dutch Hbr.  AK  USA  ALAS  B B  C     907/581-1820 N
      Valdez               AK  USA  ALAS  B B        907/835-4987 N Stat Mux
      Wasilla              AK  USA  ALAS  B B        907/745-0200 N
      Whittier             AK  USA  ALAS  B B        907/472-2467 N Stat Mux
      Wrangell             AK  USA  ALAS  B          907/874-2394 N
      Yakutat              AK  USA  ALAS  B B        907/784-3453 N Stat Mux
      Kuwait City              KUW  BGC     C        142          N BGC Access
      Kuwait City              KUW  BGC        C     141          N BGC Access
      Kuala Lumpur             MAL  BGC   C          (30) 2328800 N BGC Access
      Kuala Lumpur             MAL  BGC     C        (30) 2328855 N BGC Access
      Penang                   MAL  BGC   C          (04) 375588  N BGC Access
      Penang                   MAL  BGC     C        (04) 360088  N BGC Access
      Kota Kinabalu            MAL  BGC   C          (088) 218800 N BGC Access
      Kota Kinabalu            MAL  BGC     C        (088) 218855 N BGC Access
      Petaling                 MAL  BGC   C C        (03) 7926600 N BGC Access
      Ipoh                     MAL  BGC   C          (05) 548533  N BGC Access
      Abu Dhabi                UAE  BGC        C     (4) 400-2763 N BGC Access
      Surabaya                 IND  BGC   C          21242        N BGC Access
      Jakarta                  IND  BGC   C          3805476      N BGC Access
      Abu Dhabi                UAE  BGC           C  (4) 4002764  N BGC Access
      Izmir                    TUR  BGC     C        145-20       N BGC Access
      Abu Dhabi                UAE  BGC   C          (4) 400-2760 N BGC Access
      Jakarta                  IND  BGC     C        3805445      N BGC Access
      Jakarta                  IND  BGC   C          3805477      N BGC Access
      Bandung                  IND  BGC   C          57441        N BGC Access
      Abidjan                  IVC  BGC   C C        612211       N BGC Access
      Lisbon                   POR  BGC        C     (06) 7174    N BGC Access
      Kuantan                  MAL  BGC   C          (09) 508800  N BGC Access
      Istanbul                 TUR  BGC     C        511 4083     N BGC Access
      Coimbra                  POR  BGC     C        (03) 7173    N BGC Access
      Khon Kaen                THA  BGC     C        (2) 245-581  N BGC Access
      Abu Dhabi                UAE  BGC     C        (4) 400-2761 N BGC Access
      Abidjan                  IVC  BGC        C     612210       N BGC Access
      Coimbra                  POR  BGC   C          (03) 7172    N BGC Access
      Bangkok                  THA  BGC   C          (2) 233-9905 N BGC Access
      Jakarta                  IND  BGC     C        370208       N BGC Access
      Jakarta                  IND  BGC     C        370195       N BGC Access
      Medan                    IND  BGC   C          510977       N BGC Access
      Semarang                 IND  BGC   C C        20008        N BGC Access
      Porto                    POR  BGC        C     (05) 7173    N BGC Access
      Porto                    POR  BGC   C          (05) 7172    N BGC Access
      Porto                    POR  BGC     C        (05) 7173    N BGC Access
      Medan                    IND  BGC   C          511977       N BGC Access
      Medan                    IND  BGC     C        512977       N BGC Access
      Medan                    IND  BGC     C        513977       N BGC Access
      Ipoh                     MAL  BGC     C        (05) 548444  N BGC Access
      Lisbon                   POR  BGC   C          (06) 7172    N BGC Access
      Pattaya                  THA  BGC     C        (2) 425-313  N BGC Access
      Coimbra                  POR  BGC        C     (03) 7173    N BGC Access
      Ankara                   TUR  BGC     C        310 4805     N BGC Access
      Lisbon                   POR  BGC     C        (06) 7173    N BGC Access
      St. Thomas               VIR  3       B        809/776-7084 N TYMUSA
      St. Thomas               VIR  3     B          809/774-7099 N TYMUSA
      Bangkok                  THA  BGC     C        (2) 233-2312 N BGC Access
      Rio                      BRA  BGC   C          (021)2538151 N BGC Access
      San Pedro                CRI  BGC   C C        53-2000      N BGC Access
      Chiengmai                THA  BGC     C        (2) 248-719  N BGC Access
      Athens                   GRC  BGC   C          (1) 884-8428 N BGC Access
      Kuantan                  MAL  BGC     C        (09) 508855  N BGC Access
      Reykjavik                ICE  BGC        C     006          N BGC Access
      Hong Kong                HKG  PAC        C     05-877-2553  N BISYNC
1663  Annapolis            MD  USA  LOW   B B  C     410/224-0520 Y
02026 Marshalltown         IA  USA  LOW   B B  C     515/753-0670 Y
02027 Milan                    ITA  E2    B C  C     (2)66983004  N
02040 Geneva                   CHE  E1    C C  C     (22)782-9329 Y
02045 Albany               NY  USA  MED   B B  C     518/458-9724 Y
02045 Schenectady/Albany   NY  USA  MED   B B  C     518/458-9724 Y
02050 Casper               WY  USA  LOW   B B  C     307/234-4211 Y
02051 Cincinnati           OH  USA  HIGH          C  513/489-2435 N TYM-X25
02051 Cincinnati           OH  USA  HIGH       C     513/489-2664 N TYM-X25
02057 Sevierville          TN  USA  LOW   B B  C     615/453-0401 Y
02066 Indianapolis         IN  USA  HIGH  B B        317/631-1002 N
02071 Las Cruces           NM  USA  LOW   B B  C     505/525-3401 Y
02074 Eugene               OR  USA  LOW   B B  C     503/343-0044 Y
02076 Oakland              CA  USA  HIGH          C  510/635-1662 N TYM-X25
02076 Alameda/Oakland      CA  USA  HIGH          C  510/635-1662 N TYM-X25
02076 Berkeley/Oakland     CA  USA  HIGH          C  510/635-1662 N TYM-X25
02076 Hayward/Oakland      CA  USA  HIGH          C  510/635-1662 N TYM-X25
02124 Yakima               WA  USA  LOW   B B  C     509/248-1462 Y
02145 Norristown           PA  USA  MED           C  215/666-1984 N
02155 Bloomington          IN  USA  LOW   B B  C     812/332-0544 Y
02156 Dallas               TX  USA  HIGH  B B  C     214/630-5516 Y
02163 Cheyenne             WY  USA  LOW   B B  C     307/638-0403 Y
02235 Seattle              WA  USA  HIGH  B B  C     206/281-7141 Y
02235 Bellevue/Seattle     WA  USA  HIGH  B B  C     206/281-7141 Y
02246 Birmingham           AL  USA  HIGH  B B        205/942-4141 N
02253 Boston               MA  USA  HIGH          C  617/439-7628 N TYM-X25
02253 Cambridge/Boston     MA  USA  HIGH          C  617/439-7628 N TYM-X25
02256 Elgin                IL  USA  LOW   B B  C     708/888-8113 Y
02261 Burlington           VT  USA  LOW   B B  C     802/862-1000 Y
02265 Albuquerque          NM  USA  MED   B B  C     505/242-8931 Y
02301 Eau Claire           WI  USA  LOW   B B  C     715/833-0121 Y
02304 New York             NY  USA  HIGH          C  212/269-4640 Y
02326 Ormond Beach         FL  USA  LOW   B B  C     904/673-0034 Y
02331 Seattle              WA  USA  HIGH  B B  C     206/281-7141 Y
02331 Bellevue/Seattle     WA  USA  HIGH  B B  C     206/281-7141 Y
02340 Newark               NJ  USA  HIGH          C  201/824-4201 Y
02340 Elizabeth/Newark     NJ  USA  HIGH          C  201/824-4201 Y
02340 Jersey City/Newark   NJ  USA  HIGH          C  201/824-4201 Y
02340 Union/Newark         NJ  USA  HIGH          C  201/824-4201 Y
02344 Knoxville            TN  USA  MED   B B  C     615/694-0156 Y
02346 Norristown           PA  USA  WATS  B B  C     800/###-#### Y
02347 Grand Junction       CO  USA  LOW   B B  C     303/241-1643 Y
02354 Baltimore            MD  USA  HIGH  B B        410/547-8100 N
02357 Bloomfield           CT  USA  HIGH  B B        203/242-7140 N
02357 Hartford/Bloomfield  CT  USA  HIGH  B B        203/242-7140 N
02364 Mesa/Phoenix         AZ  USA  HIGH  B B        602/254-5811 N
02364 Phoenix              AZ  USA  HIGH  B B        602/254-5811 N
02367 Champaign/Urbana     IL  USA  LOW   B B  C     217/344-3400 Y
02367 Urbana               IL  USA  LOW   B B  C     217/344-3400 Y
02376 Lima                 OH  USA  LOW   B B  C     419/228-6343 Y
02377 Minneapolis          MN  USA  HIGH          C  612/338-0845 Y
02377 St. Paul/Minneapolis MN  USA  HIGH          C  612/338-0845 Y
02402 Hattiesburg          MS  USA  LOW   B B  C     601/582-0286 Y
02413 Birmingham               GBR  E1    C C  C     (21632)6636  Y
02414 Aurora/Denver        CO  USA  HIGH  B B        303/830-9210 N
02414 Boulder/Denver       CO  USA  HIGH  B B        303/830-9210 N
02414 Denver               CO  USA  HIGH  B B        303/830-9210 N
02423 All Cities               CAY  3     B B        809/949-7100 N TYMUSA
02432 Chattanooga          TN  USA  MED   B B  C     615/265-1020 Y
02435 Williamsburg         VA  USA  LOW   B B  C     804/229-6786 Y
02440 Brookfield           WI  USA  HIGH  B B        414/785-1614 N
02440 Milwaukee/Brookfield WI  USA  HIGH  B B        414/785-1614 N
02443 Burbank              CA  USA  LOW   B B  C     818/841-4795 Y
02443 Glendale/Burbank     CA  USA  LOW   B B  C     818/841-4795 Y
02446 Texarkana            TX  USA  LOW   B B  C     903/792-4521 Y
02450 KingofPrussa/Norstwn PA  USA  MED   B B  C     215/666-9190 Y
02450 Valley Forge/Norstwn PA  USA  MED   B B  C     215/666-9190 Y
02453 Dallas               TX  USA  HIGH  B B        214/638-8888 N
02465 Downrs Grove/Gln Eln IL  USA  MED   B B        708/790-4400 N
02465 Glen Ellyn           IL  USA  MED   B B        708/790-4400 N
02465 Wheaton/Glen Ellyn   IL  USA  MED   B B        708/790-4400 N
02472 Paris                    FRA  E1    C C  C     (1)47728080  Y
02475 White Plains         NY  USA  HIGH  B B  C     914/761-9590 Y
02477 Alkmaar                  NLD  E1    C C  C  C  (72) 155190  Y
02503 Bellevue/Seattle     WA  USA  HIGH  B B        206/285-0109 N
02503 Seattle              WA  USA  HIGH  B B        206/285-0109 N
02517 Nashville            TN  USA  HIGH  B B  C     615/889-5790 Y
02521 Jacksonville         FL  USA  MED           C  904/724-5994 Y
02544 Washington/Fairfax   DC  USA  HIGH  B B        703/691-8200 N
02544 Bethesda/Fairfax     MD  USA  HIGH  B B        703/691-8200 N
02544 Alexandria/Fairfax   VA  USA  HIGH  B B        703/691-8200 N
02544 Arlington/Fairfax    VA  USA  HIGH  B B        703/691-8200 N
02544 Fairfax              VA  USA  HIGH  B B        703/691-8200 N
02545 Washington/Fairfax   DC  USA  HIGH  B B        703/691-8200 N
02545 Bethesda/Fairfax     MD  USA  HIGH  B B        703/691-8200 N
02545 Alexandria/Fairfax   VA  USA  HIGH  B B        703/691-8200 N
02545 Arlington/Fairfax    VA  USA  HIGH  B B        703/691-8200 N
02545 Fairfax              VA  USA  HIGH  B B        703/691-8200 N
02557 Tyler                TX  USA  LOW   B B  C     903/581-8652 Y
02560 Neuchatel                CHE  E1    C C  C     (38) 338606  Y
02565 Boise                ID  USA  MED   B B        208/343-0404 N
02566 Pierre               SD  USA  LOW   B B  C     605/224-7700 Y
02570 Dayton               OH  USA  MED   B B        513/898-0124 N
02571 Aurora/Denver        CO  USA  HIGH          C  303/830-9032 N TYM-X25
02571 Boulder/Denver       CO  USA  HIGH          C  303/830-9032 N TYM-X25
02606 Elizabeth/Newark     NJ  USA  HIGH  B B        201/824-1212 N
02606 Jersey City/Newark   NJ  USA  HIGH  B B        201/824-1212 N
02606 Newark               NJ  USA  HIGH  B B        201/824-1212 N
02606 Union/Newark         NJ  USA  HIGH  B B        201/824-1212 N
02610 Fairfield            CA  USA  LOW   B B  C     707/421-0106 Y
02613 Chapel Hill/Durham   NC  USA  HIGH  B B        919/549-8952 N
02613 Durham               NC  USA  HIGH  B B        919/549-8952 N
02614 Lancaster            CA  USA  LOW   B B  C     805/945-4962 Y
02616 Manchester           MA  USA  LOW   B B  C     508/526-1506 Y
02630 Sherman              TX  USA  LOW   B B  C     903/868-0089 Y
02631 Anaheim/Newprt Beach CA  USA  HIGH  B B        714/756-8341 N
02631 Irvine/Newport Beach CA  USA  HIGH  B B        714/756-8341 N
02631 Newport Beach        CA  USA  HIGH  B B        714/756-8341 N
02631 Santa Ana/Newprt Bch CA  USA  HIGH  B B        714/756-8341 N
02635 Richland             WA  USA  MED   B B  C     509/375-3367 Y
02640 Peterborough         NH  USA  LOW   B B  C     603/924-7090 Y
02644 Anaheim/Newprt Beach CA  USA  HIGH          C  714/752-1493 Y
02644 Irvine/Newport Beach CA  USA  HIGH          C  714/752-1493 Y
02644 Newport Beach        CA  USA  HIGH          C  714/752-1493 Y
02644 Santa Ana/Newprt Bch CA  USA  HIGH          C  714/752-1493 Y
02653 Stamford             CT  USA  HIGH  B B        203/965-0000 N
02655 Colton               CA  USA  MED   B B        714/370-1200 N
02655 Riverside/Colton     CA  USA  MED   B B        714/370-1200 N
02655 San Bernadino/Colton CA  USA  MED   B B        714/370-1200 N
02657 Pawtucket/Providence RI  USA  HIGH          C  401/751-8030 Y
02657 Pawtucket/Providence RI  USA  HIGH  B B  C     401/273-0200 Y
02657 Providence           RI  USA  HIGH          C  401/751-8030 Y
02657 Providence           RI  USA  HIGH  B B  C     401/273-0200 Y
02657 Warwick/Providence   RI  USA  HIGH          C  401/751-8030 Y
02657 Warwick/Providence   RI  USA  HIGH  B B  C     401/273-0200 Y
02665 San Diego            CA  USA  HIGH  B B  C     619/296-8747 Y
02666 Jackson              MI  USA  LOW   B B  C     517/788-9191 Y
02674 Tupelo               MS  USA  LOW   B B  C     601/841-0090 Y
02703 St. Laurent          QU  CAN  CANH  C C  C     514/747-2996 Y
02703 Montreal/St. Laurent QU  CAN  CANH  C C  C     514/747-2996 Y
02704 San Francisco        CA  USA  WATS  B B  C     800/###-#### Y
02704 San Jose             CA  USA  WATS  B B  C     800/###-#### Y
02711 Kingsport            TN  USA  LOW   B B  C     615/378-5746 Y
02712 Houston              TX  USA  HIGH  B B  C     713/496-1332 Y
02720 La Crosse            WI  USA  LOW   B B  C     608/784-9099 Y
02723 Baton Rouge          LA  USA  MED   B B        504/924-5102 N
02737 Salt Lake City       UT  USA  HIGH  B B        801/364-0780 N
02743 Jackson              MS  USA  LOW   B B  C     601/355-9741 Y
02752 Stamford             CT  USA  HIGH          C  203/324-2297 Y
02753 San Antonio          TX  USA  HIGH  B B        512/225-8002 N
02770 Tucson               AZ  USA  MED   B B  C     602/297-2239 Y
02771 Wheeling             WV  USA  LOW   B B  C     304/233-7676 Y
03001 Dallas               TX  USA  HIGH  B B        214/638-8888 N
03031 Aurora               IL  USA  LOW   B B        708/844-0700 N
03031 St. Charles/Aurora   IL  USA  LOW   B B        708/844-0700 N
03035 San Francisco        CA  USA  WATS  B B  C     800/###-#### Y
03611 Nashville            TN  USA  HIGH          C  615/889-4044 Y
03611 Nashville            TN  USA  HIGH  B B  C     615/889-5790 Y
03614 Mankato              MN  USA  LOW   B B  C     507/387-7313 Y
03623 Erie                 PA  USA  LOW   B B  C     814/456-8501 Y
03624 Raleigh              NC  USA  LOW   B B  C     919/829-0536 Y
03627 Belfast                  GBR  E1         C     (232) 234467 Y
03630 Idaho Falls          ID  USA  LOW   B B  C     208/522-3624 Y
03635 Lafayette            LA  USA  LOW   B B  C     318/234-8255 Y
03643 Harrisburg/Lemoyne   PA  USA  MED   B B        717/763-6481 N
03643 Lemoyne              PA  USA  MED   B B        717/763-6481 N
03650 Chicago              IL  USA  HIGH  B B  C     312/922-6571 Y
03651 Green Bay            WI  USA  LOW   B B  C     414/432-3064 Y
03652 Trenton              NJ  USA  LOW   B B  C     609/394-1900 Y
03653 Ft. Wayne            IN  USA  LOW   B B  C     219/422-2581 Y
03654 Southfield           MI  USA  MED   B B  C     313/424-8024 Y
03656 Evansville           IN  USA  LOW   B B  C     812/464-8181 Y
03661 Charleston           WV  USA  LOW   B B  C     304/345-9575 Y
03662 Allentown/Bethlehem  PA  USA  MED   B B  C     215/865-6978 Y
03662 Bethlehem            PA  USA  MED   B B  C     215/865-6978 Y
03663 Mesa/Phoenix         AZ  USA  HIGH          C  602/258-4528 Y
03663 Phoenix              AZ  USA  HIGH          C  602/258-4528 Y
03664 Phoenix              AZ  USA  HIGH          C  602/257-0629 N TYM-X25
03664 Phoenix              AZ  USA  HIGH       C     602/257-0736 N TYM-X25
03666 Lansing              MI  USA  MED   B B        517/482-5721 N
03673 Carson City          NV  USA  MED   B B  C     702/885-8411 Y
03673 Reno/Carson City     NV  USA  MED   B B  C     702/885-8411 Y
03675 Worcester            MA  USA  LOW   B B  C     508/791-9000 Y
03677 Joplin               MO  USA  LOW   B B  C     417/781-8718 Y
03704 Niagara Falls        NY  USA  LOW   B B  C     716/285-2561 Y
03705 Albany               NY  USA  MED   B B        518/458-8300 N
03705 Schenectady/Albany   NY  USA  MED   B B        518/458-8300 N
03706 San Francisco        CA  USA  HIGH  B B        415/974-1300 N
03707 Philadelphia         PA  USA  HIGH          C  215/629-0567 Y
03712 Ottomwa              IA  USA  LOW   B B  C     515/682-0857 Y
03720 Winston-Salem        NC  USA  MED   B B  C     919/765-1221 Y
03725 Los Altos/San Jose   CA  USA  HIGH          C  408/432-0804 Y
03725 San Jose             CA  USA  HIGH          C  408/432-0804 Y
03725 Santa Clara/San Jose CA  USA  HIGH          C  408/432-0804 Y
03725 Sunnyvale/San Jose   CA  USA  HIGH          C  408/432-0804 Y
03726 Billings             MT  USA  LOW   B B  C     406/252-4880 Y
03731 Shreveport           LA  USA  LOW   B B  C     318/688-5840 Y
03733 Brussels                 BEL  E1    C C  C     (2) 725-5060 Y
03733 Brussels                 BEL  E1         C     02-7255015   N HSA
03737 Clearwater           FL  USA  MED           C  813/443-4515 Y
03752 Rosemont             IL  USA  HIGH  B B  C     708/698-9800 Y
03774 Port Angeles         WA  USA  LOW   B B  C     206/452-6800 Y
03775 Newark               OH  USA  LOW   B B  C     614/345-8953 Y
04000 Longwood/Orlando     FL  USA  MED   B B        407/841-0020 N
04000 Orlando              FL  USA  MED   B B        407/841-0020 N
04003 Agana Heights            GUM  *     C C        671/477-2222 N
04003 Guatemala City           GTM  2       B        (2) 345-999  N TYMUSA
04003 Guatemala City           GTM  2     B          (2) 345-599  N TYMUSA
04003 All Cities               HND  2     B B        320-544      N TYMUSA
04003 Afula                    ISR  3     B B  C     (6) 596658   N TYMUSA
04003 Ashdod                   ISR  3     B B  C     (8) 542999   N TYMUSA
04003 Bezeq                    ISR  3     B B  C     (57) 36029   N TYMUSA
04003 Eilat                    ISR  3     B B  C     (59) 75147   N TYMUSA
04003 Hadera                   ISR  3     B B  C     (6) 332409   N TYMUSA
04003 Haifa                    ISR  3     B B  C     (4) 525421   N TYMUSA
04003 Haifa                    ISR  3     B B  C     (4) 673235   N TYMUSA
04003 Haifa                    ISR  3     B B  C     (4) 674203   N TYMUSA
04003 Haifa                    ISR  3     B B  C     (4) 674230   N TYMUSA
04003 Herzeliya                ISR  3     B B  C     (52) 545251  N TYMUSA
04003 Jerusalem                ISR  3     B B  C     (2) 242675   N TYMUSA
04003 Jerusalem                ISR  3     B B  C     (2) 246363   N TYMUSA
04003 Jerusalem                ISR  3     B B  C     (2) 248551   N TYMUSA
04003 Jerusalem                ISR  3     B B  C     (2) 814396   N TYMUSA
04003 Nahariya                 ISR  3     B B  C     (4) 825393   N TYMUSA
04003 Netanya                  ISR  3     B B  C     (53) 348588  N TYMUSA
04003 Rechovot                 ISR  3     B B  C     (8) 469799   N TYMUSA
04003 Tel Aviv                 ISR  3     B B  C     (3) 203435   N TYMUSA
04003 Tel Aviv                 ISR  3     B B  C     (3) 546-3837 N TYMUSA
04003 Tel Aviv                 ISR  3     B B  C     (3) 751-2504 N TYMUSA
04003 Tel Aviv                 ISR  3     B B  C     (3) 751-3799 N TYMUSA
04003 Tel Aviv                 ISR  3     B B  C     (3)752-0110  N TYMUSA
04003 Tiberias                 ISR  3     B B  C     (6) 790274   N TYMUSA
04003 Tzfat                    ISR  3     B B  C     (6) 973282   N TYMUSA
04003 All Cities               JAM  2     B B        809/924-9915 N TYMUSA
04003 Curacao                  NDA  3     C C        (9) 239251   N TYMUSA
04003 Curacao & St. Martin     NDA  3     C C        0251         N TYMUSA
04003 All Cities               PAN  3          C     636-727      N TYMUSA
04003 All Cities               PAN  3     B B        639-055      N TYMUSA
04003 Manila                   PHL  2     B B        (2) 815-1553 N TYMUSA
04003 Manila                   PHL  2     B B        (2) 815-1555 N TYMUSA
04003 Manila                   PHL  2     B B        (2) 817-1581 N TYMUSA
04003 Manila                   PHL  2     B B        (2) 817-1791 N TYMUSA
04003 Manila                   PHL  2     B B        (2) 817-1796 N TYMUSA
04003 Manila                   PHL  2     C          (2) 521-7901 N TYMUSA
04003 Manila                   PHL  2     C          (2) 817-8811 N TYMUSA
04003 Manila                   PHL  2     C          (2) 819-1009 N TYMUSA
04003 Manila                   PHL  2     C          (2) 819-1011 N TYMUSA
04003 Manila                   PHL  2     C          (2) 819-1550 N TYMUSA
04003 Mayaquez/Ponce           PRI  *     B B        809/462-4213 N
04003 San Juan                 PRI  *          C     809/724-6070 N
04003 San Juan                 PRI  *     B B        809/725-1882 N
04003 San Juan                 PRI  *     B B        809/725-4343 N
04003 San Juan                 PRI  *     C C        809/725-3501 N
04003 San Juan                 PRI  *     C C        809/725-4702 N
04003 Alkobar                  SAU  5       C        (3) 8981025  N TYMUSA
04003 Jeddah                   SAU  5          C     (2) 6691377  N TYMUSA
04003 Jeddah                   SAU  5       C        (2) 6690708  N TYMUSA
04003 Riyadh                   SAU  5          C     (1) 4631038  N TYMUSA
04003 Riyadh                   SAU  5       C        (1) 4658803  N TYMUSA
04003 All Cities               TTO  2     C C        809/627-0854 N TYMUSA
04003 All Cities               TTO  2     C C        809/627-0855 N TYMUSA
04003 Aberdeen                 GBR  1     C C  C     (224) 210701 Y TYMUSA
04003 Birmingham               GBR  1     C C  C     (21)633-3474 Y TYMUSA
04003 Bristol                  GBR  1     C C  C     (272) 211545 Y TYMUSA
04003 Cambridge                GBR  1     C C  C     (223) 460127 Y TYMUSA
04003 Cardiff                  GBR  1     C C  C     (222) 344184 Y TYMUSA
04003 Chelmsford               GBR  1     C C  C     (245) 491323 Y TYMUSA
04003 Edinburgh                GBR  1     C C  C     (31)313-2137 Y TYMUSA
04003 Exeter                   GBR  1     C C  C     (392) 421565 Y TYMUSA
04003 Glasgow                  GBR  1     C C  C     (41)204-1722 Y TYMUSA
04003 Hastings                 GBR  1     C C  C     (424) 722788 Y TYMUSA
04003 Ipswich                  GBR  1     C C  C     (473) 210212 Y TYMUSA
04003 Kings Lynn               GBR  1     C C  C     (553) 691090 Y TYMUSA
04003 Leamington               GBR  1     C C  C     (926) 451419 Y TYMUSA
04003 Leeds                    GBR  1     C C  C     (532) 440024 Y TYMUSA
04003 Liverpool                GBR  1     C C  C     (51)255-0230 Y TYMUSA
04003 London (Clerkenwell)     GBR  1     C C  C     (71)490-2200 Y TYMUSA
04003 Luton                    GBR  1     C C  C     (582) 481818 Y TYMUSA
04003 Manchester               GBR  1     C C  C     (61)834-5533 Y TYMUSA
04003 Newcastle                GBR  1     C C  C     (91)261-6858 Y TYMUSA
04003 Nottingham               GBR  1     C C  C     (???) 506005 Y TYMUSA
04003 Oxford                   GBR  1     C C  C     (865) 798949 Y TYMUSA
04003 Plymouth                 GBR  1     C C  C     (752) 603302 Y TYMUSA
04003 Reading                  GBR  1     C C  C     (734) 500722 Y TYMUSA
04003 Ayr                      GBR  1     C C  C     (292) 611822 Y TYMUSA
04003 Belfast                  GBR  1     C C  C     (232) 331284 Y TYMUSA
04003 Benbecula                GBR  1     C C  C     (870) 2657   Y TYMUSA
04003 Brechin                  GBR  1     C C  C     (356) 25782  Y TYMUSA
04003 Brecon                   GBR  1     C C  C     (874) 3151   Y TYMUSA
04003 Brighton                 GBR  1     C C  C     (273) 550046 Y TYMUSA
04003 Campbeltown              GBR  1     C C  C     (586) 52298  Y TYMUSA
04003 Canterbury               GBR  1     C C  C     (227) 762950 Y TYMUSA
04003 Carlisle                                       612/333-2799 N
04325 Hempstead            NY  USA  MED   B B  C     516/485-7422 Y
04325 Mineola/Hempstead    NY  USA  MED   B B  C     516/485-7422 Y
04327 Salem                OR  USA  LOW   B B  C     503/370-4314 Y
04330 Lubbock              TX  USA  LOW   B B  C     806/797-0765 Y
04340 Brownsville          TX  USA  LOW   B B  C     512/548-1331 Y
04343 Dallas               TX  USA  HIGH  B B  C     214/630-5516 Y
04353 Beverly Hills/Shr Ok CA  USA  MED   B B  C     818/789-9557 Y
04353 Canoga Park/Shrm Oak CA  USA  MED   B B  C     818/789-9557 Y
04353 San Fernando/Shr Oak CA  USA  MED   B B  C     818/789-9557 Y
04353 Sherman Oaks         CA  USA  MED   B B  C     818/789-9557 Y
04353 Van Nuys/Sherman Oak CA  USA  MED   B B  C     818/789-9557 Y
04353 West L.A./Shrmn Oaks CA  USA  MED   B B  C     818/789-9557 Y
04355 Detroit              MI  USA  HIGH       C  C  313/965-4982 N TYM-X25
04360 San Diego            CA  USA  HIGH  B B        619/296-3370 N
04372 Norristown           PA  USA  WATS  B B  C     800/###-#### Y
04375 Concord              NH  USA  LOW   B B  C     603/228-4732 Y
04376 Merced               CA  USA  LOW   B B  C     209/383-7593 Y
04403 Oklahoma City        OK  USA  HIGH  B B  C     405/495-9201 Y
04411 Belmont/Redwood City CA  USA  HIGH  B B  C     415/361-8701 Y
04411 Palo Alto/Redwd City CA  USA  HIGH  B B  C     415/361-8701 Y
04411 Redwood City         CA  USA  HIGH  B B  C     415/361-8701 Y
04430 Newark/Wilmington    DE  USA  MED   B B        302/652-2060 N
04430 Wilmington           DE  USA  MED   B B        302/652-2060 N
05177 Huntsville           AL  USA  MED   B B  C     205/882-1519 Y
05201 Greenville           SC  USA  MED   B B  C     803/271-9213 Y
05205 Eindhoven                NLD  E1    C C  C  C  (4902) 45530 Y
05206 White Plains         NY  USA  HIGH  B B        914/328-7730 N
05211 Eatontown/Red Bank   NJ  USA  LOW   B B  C     908/758-0337 Y
05211 Long Branch/Red Bank NJ  USA  LOW   B B  C     908/758-0337 Y
05211 Red Bank             NJ  USA  LOW   B B  C     908/758-0337 Y
05215 Hibbing              MN  USA  LOW   B B  C     218/262-3824 Y
05221 Florence             AL  USA  LOW   B B  C     205/760-0030 Y
05241 Inglewood/Vernon     CA  USA  HIGH  B B        213/587-0030 N
05241 Los Angeles/Vernon   CA  USA  HIGH  B B        213/587-0030 N
05241 Vernon               CA  USA  HIGH  B B        213/587-0030 N
05242 Inglewood/Vernon     CA  USA  HIGH  B B        213/587-0030 N
05242 Los Angeles/Vernon   CA  USA  HIGH  B B        213/587-0030 N
05242 Vernon               CA  USA  HIGH  B B        213/587-0030 N
05250 Quincy               IL  USA  LOW   B B  C     217/223-9531 Y
05253 Clarkesville         TN  USA  LOW   B B  C     615/645-8877 Y
05256 Durham               NH  USA  LOW   B B  C     603/868-1502 Y
05260 Spokane              WA  USA  MED   B B        509/624-1549 N
05264 Rocky Mount          NC  USA  LOW   B B  C     919/937-4828 Y
05277 Philadelphia         PA  USA  HIGH  B B  C     215/592-8750 Y
05304 Fort Pierce          FL  USA  LOW   B B  C     407/466-5661 Y
05307 Peoria               IL  USA  LOW   B B  C     309/637-5961 Y
05325 Colton               CA  USA  MED   B B  C     714/422-0222 Y
05325 Riverside/Colton     CA  USA  MED   B B  C     714/422-0222 Y
05325 San Bernadino/Colton CA  USA  MED   B B  C     714/422-0222 Y
05333 Bloomfield           CT  USA  HIGH          C  203/286-0712 N TYM-X25
05333 Hartford/Bloomfield  CT  USA  HIGH          C  203/286-0712 N TYM-X25
05341 Alameda/Oakland      CA  USA  HIGH  B B  C     510/633-1896 Y
05341 Berkeley/Oakland     CA  USA  HIGH  B B  C     510/633-1896 Y
05341 Hayward/Oakland      CA  USA  HIGH  B B  C     510/633-1896 Y
05341 Oakland              CA  USA  HIGH  B B  C     510/633-1896 Y
05350 Antioch              CA  USA  LOW   B B  C     510/754-8222 Y
05363 Brussels                 BEL  E1               206/221-0450 N DCS GATEWAY
05365 Wausau               WI  USA  LOW   B B  C     715/848-6171 Y
05366 Pontiac              MI  USA  LOW   B B  C     313/338-8384 Y
05402 Dallas               TX  USA  HIGH          C  214/634-0833 N TYM-X25
05402 Dallas               TX  USA  HIGH       C     214/634-0834 N TYM-X25
05402 Dallas               TX  USA  HIGH       C     214/634-0834 N TYM-X25
05410 Minneapolis          MN  USA  HIGH          C  612/332-2580 N TYM-X25
05410 St. Paul/Minneapolis MN  USA  HIGH          C  612/332-2580 N TYM-X25
05410 Minneapolis          MN  USA  HIGH       C     612/332-2680 N TYM-X25
05410 St. Paul/Minneapolis MN  USA  HIGH       C     612/332-2680 N TYM-X25
05415 Wichita Falls        TX  USA  LOW   B B  C     817/723-2386 Y
05417 Marseille                FRA  E1    C C  C     (91) 259933  Y
05431 Opelika              AL  USA  LOW   B B  C     205/742-9040 Y
06515 Charlotte            NC  USA  HIGH          C  704/329-0104 Y
06522 Pawtucket/Providence RI  USA  HIGH  B B  C     401/273-0200 Y
06522 Providence           RI  USA  HIGH  B B  C     401/273-0200 Y
06522 Warwick/Providence   RI  USA  HIGH  B B  C     401/273-0200 Y
06525 New Orleans          LA  USA  HIGH  B B  C     504/525-2014 Y
06532 New Orleans          LA  USA  HIGH  B B        504/522-1370 N
06544 Piscataway           NJ  USA  HIGH  B B  C     908/562-8550 Y
06560 Rostock                  FRG  E1    C C  C     (81)36622404 Y
06562 Dublin                   IRL  E2    C C  C     (1)67 98 924 Y
06564 Everett              WA  USA  LOW   B B  C     206/258-1018 Y
06567 Vicksburg            MS  USA  LOW   B B  C     601/638-1551 Y
06570 Pittsburgh           PA  USA  HIGH          C  412/642-2271 N
06574 Miami                FL  USA  HIGH  B B  C     305/599-2900 Y
06577 Boston               MA  USA  HIGH  B B  C     617/439-3531 Y
06577 Cambridge/Boston     MA  USA  HIGH  B B  C     617/439-3531 Y
06605 San Jose             CA  USA  HIGH  B B  C     408/432-8618 Y
06605 Santa Clara/San Jose CA  USA  HIGH  B B  C     408/432-8618 Y
06605 Sunnyvale/San Jose   CA  USA  HIGH  B B  C     408/432-8618 Y
06614 Akron                OH  USA  MED   B B  C     216/376-8330 Y
06626 Lexington            KY  USA  MED   B B        606/266-0019 N
06641 Kingston             MA  USA  LOW   B B  C     617/582-1200 Y
06651 Aurora/Denver        CO  USA  HIGH          C  303/830-8530 Y
06651 Boulder/Denver       CO  USA  HIGH          C  303/830-8530 Y
06651 Denver               CO  USA  HIGH          C  303/830-8530 Y
06667 Reading/Mt. Penn     PA  USA  MED   B B  C     215/796-9000 Y
06667 Mt. Penn             PA  USA  LOW   B B  C     215/796-9000 Y
06670 Barcelona                ESP  E2    C C  C     (3) 4155082  Y
06673 Aberdeen             MD  USA  LOW   B B  C     410/273-0872 Y
06674 Houston              TX  USA  HIGH  B B        713/556-6700 N
06675 State College        PA  USA  LOW   B B  C     814/234-3853 Y
06704 Houston              TX  USA  HIGH  B B        713/556-6700 N
06715 Midlothian/Richmond  VA  USA  MED   B B        804/330-2465 N
06715 Richmond             VA  USA  MED   B B        804/330-2465 N
06733 Los Angeles/Vernon   CA  USA  HIGH          C  213/588-4712 N TYM-X25
06733 Inglewood/Vernon     CA  USA  HIGH          C  213/588-4712 N TYM-X25
06733 Vernon               CA  USA  HIGH          C  213/588-4712 N TYM-X25
06733 Los Angeles/Vernon   CA  USA  HIGH       C     213/588-4639 N TYM-X25
06733 Inglewood/Vernon     CA  USA  HIGH       C     213/588-4639 N TYM-X25
06733 Vernon               CA  USA  HIGH       C     213/588-4639 N TYM-X25
06754 Kitchener            ON  CAN  CANL  C C  C     519/742-7613 Y
06755 Coatesville          PA  USA  LOW   B B  C     215/383-0440 Y
06755 Downington/Coatsvlle PA  USA  LOW   B B  C     215/383-0440 Y
06762 Marquette            MI  USA  LOW   B B  C     906/228-3780 Y
06771 Ft. Smith            AR  USA  LOW   B B  C     501/782-2486 Y
06774 Topeka               KS  USA  LOW   B B  C     913/234-3070 Y
07001 Boston               MA  USA  HIGH  B B        617/439-3400 N
07001 Cambridge/Boston     MA  USA  HIGH  B B        617/439-3400 N
07005 Detroit              MI  USA  HIGH          C  313/964-1225 Y
07024 Longview             TX  USA  LOW   B B  C     903/236-7475 Y
07025 Madison              WI  USA  LOW   B B  C     608/242-0227 Y
07026 Madison              WI  USA  LOW   B B  C     608/242-0227 Y
07031 Albany               GA  USA  LOW   B B  C     912/888-9282 Y
07042 Nashua               NH  USA  MED   B B  C     603/882-0435 Y
07042 Salem/Nashua         NH  USA  MED   B B  C     603/882-0435 Y
07043 Sarasota             FL  USA  LOW   B B  C     813/952-9000 Y
07057 New York             NY  USA  HIGH          C  212/797-2792 N TYM-X25
07057 New York             NY  USA  HIGH       C     212/797-2790 N TYM-X25
07075 Cincinnati           OH  USA  HIGH  B B        513/530-9019 N
07100 Los Altos/San Jose   CA  USA  HIGH  B B  C     408/432-8618 Y
07100 San Jose             CA  USA  HIGH  B B  C     408/432-8618 Y
07100 Santa Clara/San Jose CA  USA  HIGH  B B  C     408/432-8618 Y
07100 Sunnyvale/San Jose   CA  USA  HIGH  B B  C     408/432-8618 Y
07102 Hutchinson           KS  USA  LOW   B B  C     316/663-2192 Y
07107 Barre/Montpelier     VT  USA  LOW   B B        802/229-4508 N
07107 Montpelier           VT  USA  LOW   B B        802/229-4508 N
7117  Fremont              CA  USA  MED   B B  C     510/490-7366 Y
07126 Rolla                MO  USA  LOW   B B  C     314/364-2084 Y
07140 Cincinnati           OH  USA  HIGH          C  513/489-1032 Y
07143 Portland             OR  USA  HIGH          C  503/225-1918 Y
07144 Portland             OR  USA  HIGH  B B  C     503/222/2151 Y
07145 Portland             OR  USA  HIGH          C  503/225-1918 Y
07145 Portland             OR  USA  HIGH  B B  C     503/222-2151 Y
07147 Portland             OR  USA  HIGH  B B        503/222-0900 N
07150 Boca Raton/Delray    FL  USA  LOW   B B  C     407/272-7900 Y
07150 Delray               FL  USA  LOW   B B  C     407/272-7900 Y
07157 Rosewell             NM  USA  LOW   B B  C     505/623-3591 Y
07162 Perinton/Pittsford   NY  USA  HIGH          C  716/586-4100 Y
07162 Perinton/Pittsford   NY  USA  HIGH          C  716/586-4858 N TYM-X25
07162 Rochester/Pittsford  NY  USA  HIGH          C  716/586-4100 Y
07162 Pittsford            NY  USA  HIGH          C  716/586-4100 Y
07162 Pittsford            NY  USA  HIGH          C  716/586-4858 N TYM-X25
07162 Rochester/Pittsford  NY  USA  HIGH          C  716/586-4858 N TYM-X25
07162 Perinton/Pittsford   NY  USA  HIGH       C     716/586-4829 N TYM-X25
07162 Pittsford            NY  USA  HIGH       C     716/586-4829 N TYM-X25
07162 Rochester/Pittsford  NY  USA  HIGH       C     716/586-4829 N TYM-X25
07175 Myrtle Beach         SC  USA  LOW   B B  C     803/448-1619 Y
07177 Copenhagen               DNK  E2    C C  C     31-18-63-33  Y
07205 Los Altos/San Jose   CA  USA  HIGH  B B        408/432-3430 N
07205 San Jose             CA  USA  HIGH  B B        408/432-3430 N
07205 Santa Clara/San Jose CA  USA  HIGH  B B        408/432-3430 N
07205 Sunnyvale/San Jose   CA  USA  HIGH  B B        408/432-3430 N
07210 Fall River/Somerset  MA  USA  LOW   B B  C     508/676-3087 Y
07210 Somerset             MA  USA  LOW   B B  C     508/676-3087 Y
07214 Middletown           RI  USA  LOW   B B  C     401/849-1660 Y
07214 Newport/Middletown   RI  USA  LOW   B B  C     401/849-1660 Y
07220 Bridgeport           CT  USA  MED   B B        203/579-1479 N
07220 Stratford/Bridgeprt  CT  USA  MED   B B        203/579-1479 N
07221 Atlantic City        NJ  USA  LOW   B B  C     609/345-4050 Y
07223 Dayton               OH  USA  MED   B B  C     513/898-0696 Y
07226 Ogden                UT  USA  LOW   B B  C     801/393-5280 Y
07227 Mexico C(Xochimilco)     MEX  MX    B B  B     (5)6754911   N
07227 Mexico C(Xochimilco)     MEX  MX    B B  B     (5)6754072   N
07227 Mexico C(Xochimilco)     MEX  MX    B B  B     (5)6754635   N
07227 Mexico C(Xochimilco)     MEX  MX    B B  B     (5)6753173   N
07227 Mexico C(Xochimilco)     MEX  MX    B B  B     (5)6753372   N
07227 Mexico C(Xochimilco)     MEX  MX    B B  B     (5)6753629   N
07236 White Plains         NY  USA  HIGH  B B  C     914/761-9590 Y
07240 White Plains         NY  USA  HIGH          C  914/761-5377 Y
07241 Greenville           NC  USA  LOW   B B  C     919/758-0102 Y
07242 High Point           NC  USA  LOW   B B  C     919/883-6121 Y
07246 San Francisco        CA  USA  HIGH          C  415/896-5578 N TYM-X25
07247 San Antonio          TX  USA  HIGH  B B  C     512/222-9877 Y
07250 Curacao                  NDA  3     C C        (9)239251    N TYMUSA
07250 Curacao                  NDA  3     C C        0251 (LOCAL)   TYMUSA
07270 Gibraltar                GIB  E2    C C  C     (350) 41000  Y
07272 Greenville           SC  USA  MED           C  803/370-9014 Y
07301 Rome                 GA  USA  LOW   B B  C     404/234-0102 Y
07302 San Francisco        CA  USA  HIGH  B B  C     415/543-0691 Y
07303 Danville             IL  USA  LOW   B B  C     217/442-1452 Y
07306 Davenport/RockIsland IA  USA  MED   B B  C     309/788-3713 Y
07306 Rock Island          IL  USA  MED   B B  C     309/788-3713 Y
07313 Melbourne                AUS  PAC   C C  C     (3)416-2146  Y
07320 San Francisco        CA  USA  HIGH  B B  C     415/543-0691 Y
07322 Greeley              CO  USA  LOW   B B  C     303/352-0960 Y
07331 Levittown            PA  USA  LOW   B B        215/943-3700 N
07332 Pittsfield           MA  USA  LOW   B B  C     413/499-0971 Y
07336 Ardmore              OK  USA  LOW   B B  C     405/226-1260 Y
07340 Grand Forks          ND  USA  LOW   B B  C     701/746-0344 Y
07344 Lynn                 MA  USA  LOW   B B  C     617/592-0207 Y
07346 San Francisco        CA  USA  HIGH  B B  C     415/543-0691 Y
07364 Corning              NY  USA  LOW   B B  C     607/962-4481 Y
07370 Spartanburg          SC  USA  LOW   B B  C     803/579-7088 Y
07375 Hanover              NH  USA  LOW   B B  C     603/643-4011 Y
07404 Long Beach           CA  USA  MED   B B  C     310/436-6033 Y
07404 Norwalk/Long Beach   CA  USA  MED   B B  C     310/436-6033 Y
07404 San Pedro/Long Beach CA  USA  MED   B B  C     310/436-6033 Y
07406 Akita                    JPN  PAC     C  C     0188-65-5733 N
07406 Akita                    JPN  PAC   C          0188-65-5735 N
07406 Atsugi                   JPN  PAC     C  C     0462-21-0404 N
07406 Atsugi                   JPN  PAC   C          0462-21-5331 N
07406 Atsugi                   JPN  PAC   C C  C     0462-22-7154 Y
07406 Chiba                    JPN  PAC     C  C     0472-96-3581 N
07406 Chiba                    JPN  PAC   C C  C     0472-96-0279 Y
07406 Fukui                    JPN  PAC     C  C     0776-35-8840 N
07406 Fukui                    JPN  PAC   C          0776-34-3308 N
07406 Fukuoka                  JPN  PAC     C  C     092-474-7196 N
07406 Fukuoka                  JPN  PAC   C          092-474-7076 N
07406 Fukuoka                  JPN  PAC   C C  C     092-461-2769 Y
07406 Hamamatsu                JPN  PAC   C          0534-56-7355 N
07406 Hamamatsu                JPN  PAC     C  C     0534-56-7231 N
07406 Hiroshima                JPN  PAC     C  C     082-243-9270 N
07406 Hiroshima                JPN  PAC   C C  C     082-241-6857 Y
07406 Kagoshima                JPN  PAC     C  C     0992-22-8954 N
07406 Kanazawa                 JPN  PAC     C  C     0762-24-2341 N
07406 Kanazawa                 JPN  PAC   C C  C     0762-24-7792 Y
07406 Kobe                     JPN  PAC     C  C     078-333-0552 N
07406 Kobe                     JPN  PAC   C          078-333-0587 N
07406 Kouriyama                JPN  PAC     C  C     0249-38-5396 N
07406 Kumamoto                 JPN  PAC     C  C     096-354-3065 N
07406 Kumamoto                 JPN  PAC   C          096-355-5233 N
07406 Kyoto                    JPN  PAC     C  C     075-431-6203 N
07406 Kyoto                    JPN  PAC   C          075-431-6205 N
07406 Matsuyama                JPN  PAC     C  C     0899-32-4207 N
07406 Matsuyama                JPN  PAC   C          0899-32-2975 N
07406 Matsuyama                JPN  PAC   C C  C     0899-32-2865 Y
07406 Mito                     JPN  PAC     C  C     0292-24-4213 N
07406 Morioka                  JPN  PAC     C  C     0196-54-7315 N
07406 Morioka                  JPN  PAC   C C  C     0196-22-3885 Y
07406 Nagasaki                 JPN  PAC     C  C     0958-28-6077 N
07406 Nagoya                   JPN  PAC     C  C     052-981-3221 N
07406 Nagoya                   JPN  PAC   C          052-911-1621 N
07406 Nagoya                   JPN  PAC   C C  C     052-991-4521 Y
07406 Naha                     JPN  PAC     C  C     0988-61-3414 N
07406 Naha                     JPN  PAC   C          0988-61-4002 N
07406 Niigata                  JPN  PAC     C  C     025-241-5410 N
07406 Niigata                  JPN  PAC   C C  C     025-241-5409 Y
07406 Ohita                    JPN  PAC     C  C     0975-38-2160 N
07406 Okayama                  JPN  PAC     C  C     0862-31-4993 N
07406 Okayama                  JPN  PAC   C          0862-32-6760 N
07406 Osaka                    JPN  PAC     C        06-271-9029  N
07406 Osaka                    JPN  PAC     C  C     06-271-6876  N
07406 Osaka                    JPN  PAC   C          06-271-9028  N
07406 Osaka                    JPN  PAC   C C  C     06-264-9951  Y
07406 Sapporo                  JPN  PAC     C  C     011-281-4421 N
07406 Sapporo                  JPN  PAC   C          011-281-4343 N
07406 Sapporo                  JPN  PAC   C C  C     011-210-5962 Y
07406 Sendai                   JPN  PAC     C  C     022-231-5355 N
07406 Sendai                   JPN  PAC   C C  C     022-231-5741 Y
07406 Shizuoka                 JPN  PAC     C  C     0542-84-3398 N
07406 Shizuoka                 JPN  PAC   C C  C     0542-84-3393 Y
07406 Takamatsu                JPN  PAC     C  C     0878-23-0501 N
07406 Takamatsu                JPN  PAC   C          0878-23-0502 N
07406 Takasaki                 JPN  PAC     C  C     0273-23-9739 N
07406 Tokuyama                 JPN  PAC     C  C     0834-32-0991 N
07406 Tokyo                    JPN  PAC     C        03-3555-9526 N
07406 Tokyo                    JPN  PAC     C  C     03-3555-9696 N N
07406 Tokyo                    JPN  PAC   C          03-3555-9525 N
07406 Tokyo                    JPN  PAC   C C  C     03-3288-6461 Y
07406 Toyama                   JPN  PAC     C  C     0764-41-7769 N
07406 Toyama                   JPN  PAC   C          0764-41-7578 N
07406 Tsuchiura                JPN  PAC     C  C     0298-55-6121 N
07406 Urawa                    JPN  PAC     C  C     048-833-9341 N
07406 Utsunomiya               JPN  PAC     C  C     0286-34-8251 N
07406 Utsunomiya               JPN  PAC   C C  C     0286-37-4378 Y
07406 Yokohama                 JPN  PAC     C  C     045-453-7637 N
07406 Yokohama                 JPN  PAC   C          045-453-7757 N
07406 Yokohama                 JPN  PAC   C C  C     045-453-7758 Y
07406 Yonago                   JPN  PAC     C  C     0859-32-3201 N
07406 Nagasaki                 JPN  PAC   C          0958-28-6088 N
07406 Nagano                   JPN  PAC     C  C     0262-34-3900 N
07406 Tokyo                    JAP  PAC        C  C  03-3262-7517 N TYM-X25
07406 Tokyo                    JAP  PAC           C  03-5275-3829 Y NEW NUMBER
07407 Buenos Aires             ARG  2     C          (1) 40-01-91 N TYMUSA
07407 Buenos Aires             ARG  2     C          (1) 40-01-92 N TYMUSA
07407 Buenos Aires             ARG  2     C          (1) 40-01-93 N TYMUSA
07407 Buenos Aires             ARG  2     C          (1) 40-01-94 N TYMUSA
07407 Buenos Aires             ARG  2     C          (1) 40-01-95 N TYMUSA
07407 Buenos Aires             ARG  2     C          (1) 40-01-96 N TYMUSA
07407 Buenos Aires             ARG  2     C          (1) 40-01-97 N TYMUSA
07407 Buenos Aires             ARG  2     C          (1) 40-01-98 N TYMUSA
07407 Buenos Aires             ARG  2     C          (1) 40-01-99 N TYMUSA
07414 Warren               OH  USA  LOW   B B  C     216/392-2555 Y
07417 San Francisco        CA  USA  HIGH          C  415/495-7220 Y
07432 Lyndhurst/Union City NJ  USA  HIGH  B B  C     201/864-8468 Y
07432 Union City           NJ  USA  HIGH  B B  C     201/864-8468 Y
07434 Davis                CA  USA  LOW   B B  C     916/758-3551 Y
07434 Woodland/Davis       CA  USA  LOW   B B  C     916/758-3551 Y
07437 Austin               TX  USA  HIGH  B B  C     512/448-1096 Y
07447 Butte                MT  USA  LOW   B B  C     406/494-6682 Y
07450 Dallas               TX  USA  HIGH          C  214/637-3012 Y
07454 Terre Haute          IN  USA  LOW   B B  C     812/232-0112 Y
07455 Lafayette            IN  USA  LOW   B B  C     317/423-4616 Y
07456 Dubuque              IA  USA  LOW   B B  C     319/582-3599 Y
07457 Minot                ND  USA  LOW   B B  C     701/838-2140 Y
07460 Beloit               WI  USA  LOW   B B  C     608/362-4655 Y
07460 Janesville/Beloit    WI  USA  LOW   B B  C     608/362-4655 Y
07463 Hot Springs          AR  USA  LOW   B B  C     501/623-3576 Y
07464 Jonesboro            AR  USA  LOW   B B  C     501/935-7957 Y
07465 Cadillac             MI  USA  LOW   B B  C     616/775-9242 Y
07466 Muskegon             MI  USA  LOW   B B  C     616/739-3453 Y
07467 Port Huron           MI  USA  LOW   B B  C     313/982-0301 Y
07472 Mansfield            OH  USA  LOW   B B  C     419/529-3303 Y
07520 Atlanta/Doraville    GA  USA  HIGH  B B  C     404/451-3362 Y
07520 Doraville            GA  USA  HIGH  B B  C     404/451-3362 Y
07520 Marietta/Doraville   GA  USA  HIGH  B B  C     404/451-3362 Y
07520 Norcross/Doraville   GA  USA  HIGH  B B  C     404/451-3362 Y
07522 San Angelo           TX  USA  LOW   B B  C     915/658-4590 Y
07524 San Antonio          TX  USA  HIGH  B B  C     512/222-9877 Y
07525 Boston               MA  USA  HIGH  B B        617/439-3400 N
07525 Cambridge/Boston     MA  USA  HIGH  B B        617/439-3400 N
07533 Inglewood/Vernon     CA  USA  HIGH          C  213/588-8128 Y
07533 Los Angeles/Vernon   CA  USA  HIGH          C  213/588-8128 Y
07533 Vernon               CA  USA  HIGH          C  213/588-8128 Y
07540 Calgary              AB  CAN  CANH  C C  C     403/232-6653 Y
07542 Sacramento           CA  USA  HIGH          C  916/442-0992 N
07543 Sacramento           CA  USA  HIGH          C  916/442-0851 N TYM-X25
07547 Taunton              MA  USA  LOW   B B  C     508/824-3816 Y
07571 Salisbury            MD  USA  LOW   B B  C     410/860-0480 Y
07600 Bowling Green        KY  USA  LOW   B B  C     502/781-5711 Y
07602 All Cities               ATG  3     B B        809/462-0210 N TYMUSA
07603 All Cities               ATG  3     B B        809/462-0210 N TYMUSA
07607 Gastonia             NC  USA  LOW   B B  C     704/867-2203 Y
07617 Corpus Christi       TX  USA  MED   B B  C     512/289-7305 Y
07622 Manassas             VA  USA  LOW   B B  C     703/330-9070 Y
07625 Lowell               MA  USA  LOW   B B  C     508/452-5112 Y
07631 Auburn               WA  USA  LOW   B B  C     206/735-3975 Y
07631 Enumclaw/Auburn      WA  USA  LOW   B B  C     206/735-3975 Y
07636 Santa Fe             NM  USA  LOW   B B  C     505/471-0606 Y
07646 Monroe               LA  USA  LOW   B B  C     318/388-8810 Y
07650 Kokomo               IN  USA  LOW   B B  C     317/453-7818 Y
07651 Appleton             WI  USA  LOW   B B  C     414/730-8029 Y
07652 Corona               CA  USA  LOW   B B  C     714/737-5510 Y
07653 Poway                CA  USA  LOW   B B  C     619/679-0200 Y
07655 Norristown           PA  USA  WATS  B B  C     800/###-#### Y
07656 Norristown           PA  USA  WATS  B B  C     800/###-#### Y
07663 Birmingham               GBR  E1    C C  C     (21)632-6636 Y
07675 Dundas               ON  CAN  CANH  C C  C     416/628-5908 Y
07676 Newport News         VA  USA  MED   B B  C     804/596-0898 Y
07677 Fitchburg/Leominster MA  USA  LOW   B B  C     508/537-6451 Y
07677 Leominster           MA  USA  LOW   B B  C     508/537-6451 Y
07703 Inglewood/Vernon     CA  USA  HIGH  B B  C     213/587-7514 Y
07703 Los Angeles/Vernon   CA  USA  HIGH  B B  C     213/587-7514 Y
07703 Vernon               CA  USA  HIGH  B B  C     213/587-7514 Y
07712 Vero Beach           FL  USA  LOW   B B  C     407/569-8207 Y
07714 Meridian             MS  USA  LOW   B B  C     601/482-4335 Y
07717 Baytown              TX  USA  LOW   B B  C     713/420-3389 Y
07720 Miami                FL  USA  HIGH          C  305/599-9996 N TYM-X25
07720 Miami                FL  USA  HIGH       C     305/599-9997 N TYM-X25
07721 Freeport             IL  USA  LOW   B B  C     815/232-7111 Y
07723 Dothan               AL  USA  LOW   B B  C     205/794-7954 Y
07724 Miami                FL  USA  HIGH          C  305/592-2357 Y
07725 Panama City          FL  USA  LOW   B B  C     904/769-0709 Y
07726 Leavenworth          KS  USA  LOW   B B  C     913/651-8094 Y
07730 Salina               KS  USA  LOW   B B  C     913/825-4845 Y
07731 Cicero/Maywood       IL  USA  LOW   B B  C     708/345-9100 Y
07731 Forest Park/Maywood  IL  USA  LOW   B B  C     708/345-9100 Y
07731 Maywood              IL  USA  LOW   B B  C     708/345-9100 Y
07733 Marion               IN  USA  LOW   B B  C     317/662-1928 Y
07735 Attleboro            MA  USA  LOW   B B        508/226-6441 N
07737 Lynchburg            VA  USA  LOW   B B  C     804/846-0213 Y
07743 Holyoke/Springfield  MA  USA  MED   B B  C     413/787-0048 Y
07743 Springfield          MA  USA  MED   B B  C     413/787-0048 Y
10021 Houston              TX  USA  HIGH  B B  C     713/496-1332 Y
10021 Houston              TX  USA  HIGH          C  713/589-7593 N TYM-X25
10021 Houston              TX  USA  HIGH       C     713/589-7591 N TYM-X25
10027 Kannapolis           NC  USA  LOW   B B  C     704/932-4131 Y
10031 Bedford              MA  USA  LOW   B B  C     617/271-0420 Y
10031 Woburn/Bedford       MA  USA  LOW   B B  C     617/271-0420 Y
10033 Bend                 OR  USA  LOW   B B  C     503/389-0146 Y
10034 Baltimore            MD  USA  HIGH          C  410/659-7460 Y
10040 Columbus             OH  USA  HIGH          C  614/224-0436 N TYM-X25
10040 Columbus             OH  USA  HIGH       C     614/224-0427 N TYM-X25
10052 Napa                 CA  USA  LOW   B B  C     707/257-6810 Y
10061 Buffalo              NY  USA  MED   B B        716/893-1306 N
10066 Williamsport         PA  USA  LOW   B B  C     717/321-8520 Y
10070 New York             NY  USA  HIGH          C  212/269-4640 Y
10071 York                 PA  USA  LOW   B B  C     717/852-8186 Y
10075 Blountville          TN  USA  LOW   B B  C     615/323-1962 Y
10100 Corvallis            OR  USA  LOW   B B  C     503/757-6341 Y
10103 Ann Arbor            MI  USA  MED           C  313/973-0166 Y
10105 Camden/Pennsauken    NJ  USA  MED   B B  C     609/665-5902 Y
10105 Cherry hill/Pennskn  NJ  USA  MED   B B  C     609/665-5902 Y
10105 Pennsauken           NJ  USA  MED   B B  C     609/665-5902 Y
10110 Newark               NJ  USA  HIGH          C  201/824-4130 N TYM-X25
10110 Elizabeth/Newark     NJ  USA  HIGH          C  201/824-4130 N TYM-X25
10110 Jersey City/Newark   NJ  USA  HIGH          C  201/824-4130 N TYM-X25
10110 Union/Newark         NJ  USA  HIGH          C  201/824-4130 N TYM-X25
10110 Elizabeth/Newark     NJ  USA  HIGH       C     201/824-4128 N TYM-X25
10110 Jersey City/Newark   NJ  USA  HIGH       C     201/824-4128 N TYM-X25
10110 Newark               NJ  USA  HIGH       C     201/824-4128 N TYM-X25
10110 Union/Newark         NJ  USA  HIGH       C     201/824-4128 N TYM-X25
10113 Fairfield/Westport   CT  USA  MED   B B  C     203/454-2129 Y
10113 Norwalk/Westport     CT  USA  MED   B B  C     203/454-2129 Y
10113 Westport             CT  USA  MED   B B  C     203/454-2129 Y
10122 Hull/Ottawa          ON  CAN  CANH  C C  C     613/563-2910 N
10122 Ottawa               ON  CAN  CANH  C C  C     613/563-2910 N
10124 Cologne                  FRG  E1    C C  C     (221)210196  N
10130 Sacramento           CA  USA  HIGH  B B  C     916/447-7434 Y
10151 Portland             OR  USA  HIGH          C  503/225-1233 N TYM-X25
10153 South Brunswick      NJ  USA  HIGH          C  609/452-8011 N TYM-X25
10153 South Brunswick      NJ  USA  HIGH          C  609/452-8388 Y
10153 Princeton/So. Brnswk NJ  USA  HIGH          C  609/452-8011 N TYM-X25
10153 Princeton/So. Brnswk NJ  USA  HIGH          C  609/452-8388 Y
10170 Johnstown            PA  USA  LOW   B B  C     814/539-5059 Y
10171 Jamestown            NY  USA  LOW   B B        716/488-0794 N
10172 Somers               CT  USA  LOW   B B  C     203/763-3521 Y
10204 Austin               TX  USA  HIGH  B B  C     512/448-1096 Y
10211 Atlanta/Doraville    GA  USA  HIGH          C  404/455-9285 N TYM-X25
10211 Marietta/Doraville   GA  USA  HIGH          C  404/455-9285 N TYM-X25
10211 Norcross/Doraville   GA  USA  HIGH          C  404/455-9285 N TYM-X25
10211 Doraville            GA  USA  HIGH          C  404/455-9285 N TYM-X25
10211 Atlanta/Doraville    GA  USA  HIGH       C     404/455-7540 N TYM-X25
10211 Doraville            GA  USA  HIGH       C     404/455-7540 N TYM-X25
10211 Marietta/Doraville   GA  USA  HIGH       C     404/455-7540 N TYM-X25
10211 Norcross/Doraville   GA  USA  HIGH       C     404/455-7540 N TYM-X25
10212 Hamilton             OH  USA  LOW   B B        513/874-1744 N
10213 Ocala                FL  USA  LOW   B B  C     904/732-3707 Y
10217 Atlanta/Doraville    GA  USA  HIGH  B B  C     404/451-3362 Y
10217 Doraville            GA  USA  HIGH  B B  C     404/451-3362 Y
10217 Marietta/Doraville   GA  USA  HIGH  B B  C     404/451-3362 Y
10217 Norcross/Doraville   GA  USA  HIGH  B B  C     404/451-3362 Y
10233 Cleveland            OH  USA  HIGH  B B  C     216/861-6709 Y
10234 Cleveland            OH  USA  HIGH       C  C  216/696-0363 N TYM-X25
10242 San Jose             CA  USA  HIGH          C  408/954-8481 N TYM-X25
10242 Los Altos/San Jose   CA  USA  HIGH          C  408/954-8481 N TYM-X25
10242 Santa Clara/San Jose CA  USA  HIGH          C  408/954-8481 N TYM-X25
10242 Sunnyvale/San Jose   CA  USA  HIGH          C  408/954-8481 N TYM-X25
10242 San Jose             CA  USA  HIGH       C     408/954-8476 N TYM-X25
10242 Los Altos/San Jose   CA  USA  HIGH       C     408/954-8476 N TYM-X25
10242 Santa Clara/San Jose CA  USA  HIGH       C     408/954-8476 N TYM-X25
10242 Sunnyvale/San Jose   CA  USA  HIGH       C     408/954-8476 N TYM-X25
10243 Huntington           WV  USA  LOW   B B  C     304/529-2091 Y
10250 Inglewood/Vernon     CA  USA  HIGH  B B  C     213/587-7514 Y
10250 Los Angeles/Vernon   CA  USA  HIGH  B B  C     213/587-7514 Y
10250 Vernon               CA  USA  HIGH  B B  C     213/587-7514 Y
10254 Atlanta/Doraville    GA  USA  HIGH          C  404/451-1546 Y
10254 Doraville            GA  USA  HIGH          C  404/451-1546 Y
10254 Marietta/Doraville   GA  USA  HIGH          C  404/451-1546 Y
10254 Norcross/Doraville   GA  USA  HIGH          C  404/451-1546 Y
10255 Laredo               TX  USA  LOW   B B  C     512/727-8308 Y
10256 Hampton              VA  USA  MED   B B  C     804/727-0572 Y
10261 Sheboygan            WI  USA  LOW   B B  C     414/457-6128 Y
10264 Pittsburgh           PA  USA  HIGH          C  412/642-7703 N TYM-X25
10264 Pittsburgh           PA  USA  HIGH       C     412/642-2386 N TYM-X25
10267 Springfield          MA  USA  MED   B B  C     413/787-0048 Y
10267 Holyoke/Springfield  MA  USA  MED   B B  C     413/787-0048 Y
10274 Tucson               AZ  USA  MED   B B  C     602/297-2239 Y
10301 Abilene              TX  USA  LOW   B B  C     915/676-0091 Y
10305 Gadsden              AL  USA  LOW   B B  C     205/543-3550 Y
10307 Ann Arbor            MI  USA  MED   B B  C     313/973-7935 Y
10317 Kenosha              WI  USA  LOW   B B  C     414/553-9044 Y
10317 Racine/Kenosha       WI  USA  LOW   B B  C     414/553-9044 Y
10320 Iowa City            IA  USA  LOW   B B  C     319/354-3633 Y
10325 Inglewood/Vernon     CA  USA  HIGH  B B  C     213/587-7514 Y
10325 Los Angeles/Vernon   CA  USA  HIGH  B B  C     213/587-7514 Y
10325 Vernon               CA  USA  HIGH  B B  C     213/587-7514 Y
10334 Monterey             CA  USA  LOW   B B  C     408/375-2644 Y
10337 Louisville           KY  USA  MED   B B        502/499-7110 N
10346 Portsmouth/Norfolk   VA  USA  MED   B B  C     804/857-0148 Y
10346 Virginia Bch/Norfolk VA  USA  MED   B B  C     804/857-0148 Y
10346 Norfolk              VA  USA  MED   B B  C     804/857-0148 Y
10355 Longwood/Orlando     FL  USA  MED           C  407/839-0555 Y
10355 Orlando              FL  USA  MED           C  407/839-0555 Y
10361 Alexandria/Fairfax   VA  USA  HIGH  B B  C     703/352-3136 Y
10361 Arlington/Fairfax    VA  USA  HIGH  B B  C     703/352-3136 Y
10361 Fairfax              VA  USA  HIGH  B B  C     703/352-3136 Y
10361 Washington/Fairfax   DC  USA  HIGH  B B  C     703/352-3136 Y
10361 Bethesda/Fairfax     MD  USA  HIGH  B B  C     703/352-3136 Y
10363 El Segundo           CA  USA  MED   B B  C     310/643-4228 Y
10363 Mar Vista/El Segundo CA  USA  MED   B B  C     310/643-4228 Y
10363 MarinaDelRey/El Sgnd CA  USA  MED   B B  C     310/643-4228 Y
10363 Santa Monica/El Sgnd CA  USA  MED   B B  C     310/643-4228 Y
10402 Rockville            MD  USA  LOW   B B  C     301/294-4522 Y
10404 Lyon                     FRA  E1    C C  C     (7) 8478144  Y
10430 Inglewood/Vernon     CA  USA  HIGH  B B  C     213/587-7514 Y
10430 Los Angeles/Vernon   CA  USA  HIGH  B B  C     213/587-7514 Y
10430 Vernon               CA  USA  HIGH  B B  C     213/587-7514 Y
10436 Concord/Walnut Creek CA  USA  LOW   B B  C     510/935-1507 Y
10436 Pacheco/Walnut Creek CA  USA  LOW   B B  C     510/935-1507 Y
10436 Pleasnthill/Walnt Ck CA  USA  LOW   B B  C     510/935-1507 Y
10436 Walnut Creek         CA  USA  LOW   B B  C     510/935-1507 Y
10464 Quebec City          QU  CAN  CANH  C C  C     418/647-1116 Y
10467 Colorado Springs     CO  USA  MED   B B  C     719/590-1003 Y
10470 Arlington/Fort Worth TX  USA  MED   B B  C     817/332-9397 Y
10470 Fort Worth           TX  USA  MED   B B  C     817/332-9397 Y
10472 Windsor              NY  USA  LOW   B B        914/561-9103 N
10506 Johnson City         TN  USA  LOW   B B  C     615/928-9544 Y
10516 Charlottesville      VA  USA  LOW   B B  C     804/977-5661 Y
10526 Houston              TX  USA  HIGH  B B  C     713/496-1332 Y
10542 McKinney             TX  USA  LOW   B B  C     214/542-2641 Y
10543 Akron                OH  USA  MED   B B        216/376-6227 N
10552 Salem                OR  USA  LOW   B B  C     503/370-4314 Y
10560 Muncie               IN  USA  LOW   B B  C     317/281-9021 Y
10567 Durham               NC  USA  HIGH  B B  C     919/549-9025 Y
10567 Chapel Hill/Durham   NC  USA  HIGH  B B  C     919/549-9025 Y
10570 Bozeman              MT  USA  LOW   B B  C     406/585-9719 Y
10574 Hilo                 HI  USA  MED   B B  C     808/935-5717 N
10601 Augusta              ME  USA  LOW   B B  C     207/622-3083 Y
10602 Cape Girardeau       MO  USA  LOW   B B  C     314/335-1518 Y
10603 Elyria               OH  USA  LOW   B B  C     216/324-7156 Y
10604 Florence             SC  USA  LOW   B B  C     803/664-0550 Y
10605 Kingston             NY  USA  LOW   B B  C     914/336-2790 Y
10612 Montreal/St. Laurent QU  CAN  CANH  C C  C     514/747-2996 Y
10612 St. Laurent          QU  CAN  CANH  C C  C     514/747-2996 Y
10615 Secane               PA  USA  LOW   B B  C     215/543-3045 Y
10621 Princeton/So. Brnswk NJ  USA  HIGH  B B        609/452-1018 N
10621 South Brunswick      NJ  USA  HIGH  B B        609/452-1018 N
10622 South Brunswick      NJ  USA  HIGH  B B  C     609/452-9529 Y
10622 Princeton/So. Brnswk NJ  USA  HIGH  B B  C     609/452-9529 Y
10631 Honolulu             HI  USA  MED   B B        808/545-7610 N
10632 Honolulu             HI  USA  MED        C     808/528-5300 Y
10665 Tulsa                OK  USA  HIGH  B B  C     918/585-2706 Y
10666 Tulsa                OK  USA  HIGH  B B  C     918/585-2706 Y
10673 Springfield          MO  USA  LOW   B B  C     417/881-6225 Y
10703 Tortola                  VGB  3     C C  C     809/494-3993 N TYMUSA
10705 Atlanta/Doraville    GA  USA  HIGH  B B        404/451-2208 N
10705 Doraville            GA  USA  HIGH  B B        404/451-2208 N
10705 Marietta/Doraville   GA  USA  HIGH  B B        404/451-2208 N
10705 Norcross/Doraville   GA  USA  HIGH  B B        404/451-2208 N
10710 New York             NY  USA  HIGH  B B        212/943-4700 N
10713 Houston              TX  USA  HIGH          C  713/870-8381 Y
10726 Winnipeg             MB  CAN  CANH                          N
10727 Lawton               OK  USA  LOW   B B  C     405/353-6987 Y
10730 Grand Island         NE  USA  LOW   B B  C     308/382-3176 Y
10750 Steubenville/Wntsvl  OH  USA  LOW   B B  C     614/284-0020 Y
10750 Wintersville         OH  USA  LOW   B B  C     614/284-0020 Y
10753 El Segundo           CA  USA  MED   B B  C     310/643-4228 Y
10753 Mar Vista/El Segundo CA  USA  MED   B B  C     310/643-4228 Y
10753 MarinaDelRey/El Sgnd CA  USA  MED   B B  C     310/643-4228 Y
10753 Santa Monica/El Sgnd CA  USA  MED   B B  C     310/643-4228 Y
11003 Bangor               ME  USA  LOW   B B  C     207/990-0529 Y
11010 Southfield           MI  USA  MED           C  313/557-2106 Y
11012 Lincoln              NE  USA  LOW   B B  C     402/464-6235 Y
11013 Eugene               OR  USA  LOW   B B  C     503/343-0044 Y
11013 Springfield/Eugene   OR  USA  LOW   B B  C     503/343-0044 Y
11014 Waco                 TX  USA  LOW   B B  C     817/776-0880 Y
11015 Killeen              TX  USA  LOW   B B  C     817/526-8118 Y
11026 Slidell              LA  USA  LOW   B B  C     504/646-2900 Y
11030 Atlanta/Doraville    GA  USA  HIGH  B B        404/451-2208 N
11030 Doraville            GA  USA  HIGH  B B        404/451-2208 N
11030 Marietta/Doraville   GA  USA  HIGH  B B        404/451-2208 N
11030 Norcross/Doraville   GA  USA  HIGH  B B        404/451-2208 N
11035 Clearwater           FL  USA  MED   B B  C     813/441-1621 Y
11035 St. Petersbrg/Clrwtr FL  USA  MED   B B  C     813/441-1621 Y
11052 Eureka               CA  USA  LOW   B B  C     707/445-3021 Y
11053 Provo                UT  USA  LOW   B B        801/373-2192 N
11054 Corpus Christi       TX  USA  MED           C  512/289-1981 Y
11061 Hong Kong                HKG  HK    C C  C     877-2602     N
11063 Cumberland           MD  USA  LOW   B B  C     301/777-9320 Y
11067 Auburn               ME  USA  LOW   B B  C     207/795-6013 Y
11067 Lewiston/Auburn      ME  USA  LOW   B B  C     207/795-6013 Y
11074 London                   GBR  E1    C C  C     (81)566-7260 Y
11100 Naples               FL  USA  LOW   B B  C     813/434-8080 Y
11105 Memphis              TN  USA  MED   B B  C     901/527-8122 Y
11107 Vancouver            BC  CAN  HIG           C  604/682-6054 N TYM-X25
11110 Dusseldorf               FRG  E1    C C  C     (211)596871  Y
11114 Calgary              AB  CAN  CANH          C  403/264-5472 Y
11120 El Paso              TX  USA  MED   B B  C     915/533-1453 Y
11121 El Paso              TX  USA  MED   B B  C     915/533-1453 Y
11123 Buffalo              NY  USA  MED   B B  C     716/893-1014 Y
11130 Houston              TX  USA  HIGH  B B  C     713/496-1332 Y
11141 Amsterdam                NLD  E1               2041290546   N DN-1
11144 Grand Rapids         MI  USA  MED           C  616/458-9252 N
11150 Chicago              IL  USA  WATS  B B  C     800/###-#### Y
11151 Chicago              IL  USA  WATS  B B  C     800/###-#### Y
11152 Chicago              IL  USA  WATS  B B  C     800/###-#### Y
11156 Alexandria/Fairfax   VA  USA  HIGH  B B  C     703/352-3136 Y
11156 Arlington/Fairfax    VA  USA  HIGH  B B  C     703/352-3136 Y
11156 Fairfax              VA  USA  HIGH  B B  C     703/352-3136 Y
11156 Washington/Fairfax   DC  USA  HIGH  B B  C     703/352-3136 Y
11156 Bethesda/Fairfax     MD  USA  HIGH  B B  C     703/352-3136 Y
11160 Chicago              IL  USA  WATS          C  800/###-#### Y
11161 Winston-Salem        NC  USA  MED   B B  C     919/765-1221 Y
11162 Charleston           SC  USA  LOW   B B  C     803/553-0860 Y
11207 O'Fallon             IL  USA  LOW   B B  C     618/632-3993 Y
11223 London                   GBR  E1    C C  C     (71)489-8571 N
11224 Monterey             CA  USA  LOW   B B  C     408/375-2644 Y
11225 London                   GBR  E1    C C  C     (71)489-8571 N
11231 Lancaster            PA  USA  LOW   B B  C     717/569-1081 Y
11236 Lansing              MI  USA  MED   B B  C     517/484-5344 Y
11237 Columbia             SC  USA  MED   B B  C     803/254-7563 Y
11240 Greenville           SC  USA  MED   B B  C     803/271-9213 Y
11241 Mobile               AL  USA  MED   B B  C     205/460-2515 Y
11242 Lake Zurich/Palatine IL  USA  LOW   B B  C     708/991-7171 Y
11242 Palatine             IL  USA  LOW   B B  C     708/991-7171 Y
11251 Denton               TX  USA  LOW   B B  C     817/565-0552 Y
11252 Vancouver            WA  USA  LOW   B B  C     206/574-0427 Y
11257 Little Rock          AR  USA  MED   B B  C     501/666-6886 Y
11266 Fort Collins         CO  USA  LOW   B B  C     303/224-9819 Y
11267 Amarillo             TX  USA  LOW   B B  C     806/355-7088 Y
11270 San Rafael           CA  USA  LOW   B B  C     415/453-2087 Y
11271 Cathedral City       CA  USA  LOW   B B  C     619/324-0920 Y
11271 Palm Sprngs/Cath Cty CA  USA  LOW   B B  C     619/324-0920 Y
11272 Moorpark             CA  USA  LOW   B B  C     805/523-0203 Y
11273 San Clemente         CA  USA  LOW   B B  C     714/240-9424 Y
11274 Mishawaka/South Bend IN  USA  MED   B B  C     219/234-6410 Y
11274 South Bend           IN  USA  MED   B B  C     219/234-6410 Y
11275 Bridgeport           CT  USA  MED   B B  C     203/332-7256 Y
11275 Stratford/Bridgeport CT  USA  MED   B B  C     203/332-7256 Y
11276 Syracuse             NY  USA  MED   B B  C     315/433-1593 Y
11277 Alexandria/Fairfax   VA  USA  HIGH  B B  C     703/352-3136 Y
11277 Arlington/Fairfax    VA  USA  HIGH  B B  C     703/352-3136 Y
11277 Fairfax              VA  USA  HIGH  B B  C     703/352-3136 Y
11277 Washington/Fairfax   DC  USA  HIGH  B B  C     703/352-3136 Y
11277 Bethesda/Fairfax     MD  USA  HIGH  B B  C     703/352-3136 Y
11300 Toledo               OH  USA  MED   B B  C     419/255-7705 Y
11301 Harrisburg/Lemoyne   PA  USA  MED   B B  C     717/975-9881 Y
11301 Lemoyne              PA  USA  MED   B B  C     717/975-9881 Y
11304 Newark/Wilmington    DE  USA  MED   B B  C     302/652-2036 Y
11304 Wilmington           DE  USA  MED   B B  C     302/652-2036 Y
11305 Lyndhurst/Union City NJ  USA  HIGH          C  201/617-9069 Y
11305 Union City           NJ  USA  HIGH          C  201/617/9069 Y
11305 Union City           NJ  USA  HIGH          C  201/617-9110 N TYM-X25
11305 Lyndhurst/Union City NJ  USA  HIGH          C  201/617-9110 N TYM-X25
11305 Lyndhurst/Union City NJ  USA  HIGH       C     201/617-9103 N TYM-X25
11305 Union City           NJ  USA  HIGH       C     201/617-9103 N TYM-X25
11306 Holyoke/Springfield  MA  USA  MED   B B  C     413/787-0048 Y
11306 Springfield          MA  USA  MED   B B  C     413/787-0048 Y
11307 Rockford             IL  USA  MED   B B  C     815/633-2080 Y
11313 Little Rock          AR  USA  MED           C  501/666-1224 Y
11314 Alameda/Oakland      CA  USA  HIGH          C  510/638-7904 Y
11314 Berkeley/Oakland     CA  USA  HIGH          C  510/638-7904 Y
11314 Hayward/Oakland      CA  USA  HIGH          C  510/638-7904 Y
11314 Oakland              CA  USA  HIGH          C  510/638-7904 Y
11315 Oakridge             TN  USA  LOW   B B  C     615/482-1466 Y
11321 Northport            AL  USA  LOW   B B  C     205/758-1116 Y
11321 Tuscaloosa/Northport AL  USA  LOW   B B  C     205/758-1116 Y
11322 Augusta/Martinez     GA  USA  LOW   B B  C     404/855-0442 Y
11322 Martinez             GA  USA  LOW   B B  C     404/855-0442 Y
11323 Owensboro            KY  USA  LOW   B B  C     502/685-0959 Y
11326 Toronto              ON  CAN  CANH          C  416/361-3028 Y
11326 Toronto              ON  CAN  CANH       C  C  416/361-3383 N TYM-X25
11331 Midlothian/Richmond  VA  USA  MED   B B  C     804/330-2673 Y
11331 Richmond             VA  USA  MED   B B  C     804/330-2673 Y
11346 Ft. Lauderdale       FL  USA  MED           C  305/779-3445 Y
11346 Ft. Lauderdale       FL  USA  MED   B B  C     305/467-1870 Y
11346 Hollywd/Ft. Laudrdle FL  USA  MED           C  305/779-3445 Y
11346 Hollywd/Ft. Laudrdle FL  USA  MED   B B  C     305/467-1870 Y
11346 Pompno Bch/Fr. Ldrdl FL  USA  MED   B B  C     305/467-1870 Y
11346 Pompno Bch/Ft. Ldrdl FL  USA  MED           C  305/779-3445 Y
11356 Asheville            NC  USA  LOW   B B  C     704/253-8945 Y
11361 London                   GBR  E1    C C  C     (81)566-7260 Y
11362 Stamford             CT  USA  HIGH  B B  C     203/327-2974 Y
11371 Santa Barbara        CA  USA  MED   B B        805/564-2354 N
11372 Santa Barbara        CA  USA  MED   B B  C     805/965-1612 Y
11376 New Orleans          LA  USA  HIGH          C  504/524-1738 Y
11402 Modesto              CA  USA  LOW   B B  C     209/527-0150 Y
11405 Marlborough          MA  USA  LOW   B B  C     508/481-0026 Y
11447 Seattle              WA  USA  HIGH  B B  C     206/281-7141 Y
11447 Bellevue/Seattle     WA  USA  HIGH  B B  C     206/281-7141 Y
11451 Battle Creek         MI  USA  LOW   B B  C     616/964-9303 Y
11452 Harrisonburg         VA  USA  LOW   B B  C     703/433-6333 Y
11453 Groton               MA  USA  LOW   B B  C     508/448-9361 Y
11460 Chicago              IL  USA  HIGH          C  312/427-1506 N TYM-X25
11460 Chicago              IL  USA  HIGH       C     312/427-1453 N TYM-X25
11465 Munich                   FRG  E1    C C  C     (89)129-6081 Y
11471 Clarksburg           WV  USA  LOW   B B  C     304/624-1451 Y
11500 Salt Lake City       UT  USA  HIGH          C  801/364-7605 Y
11500 Salt Lake City       UT  USA  HIGH          C  801/364-7439 N TYM-X25
11500 Salt Lake City       UT  USA  HIGH       C     801/364-7451 N TYM-X25
11646 Hazelwood            MO  USA  HIGH  B B  C     314/731-8283 Y
11646 St. Louis            MO  USA  HIGH  B B  C     314/731-8283 Y
11646 Bridgeton/St. Louis  MO  USA  HIGH  B B  C     314/731-8283 Y
11652 Tampa                FL  USA  HIGH          C  813/933-7095 N TYM-X25
11652 Tampa                FL  USA  HIGH       C     813/933-7303 N TYM-X25
11671 Rochester            MN  USA  LOW   B B  C     507/282-0830 Y
11702 Georgetown           DE  USA  LOW   B B  C     302/856-1788 Y
11716 Greensburg           PA  USA  LOW   B B  C     412/838-1920 Y
11716 Latrobe/Greensburg   PA  USA  LOW   B B  C     412/838-1920 Y
11727 Huntsville           AL  USA  MED           Y  205/882-9199 Y
11730 Alhambra             CA  USA  MED   B B  C     818/308-1800 Y
11730 Arcadia/Alhambra     CA  USA  MED   B B  C     818/308-1800 Y
11730 El Monte/Alhambra    CA  USA  MED   B B  C     818/308-1800 Y
11730 Pasadena/Alhambra    CA  USA  MED   B B  C     818/308-1800 Y
11732 Zurich                   CHE  E1    C C  C     (1) 837-0301 Y
11736 Leeds                    GBR  E1         C     (532) 341838 Y
11741 Duluth               MN  USA  LOW   B B  C     218/722-0655 Y
11743 Northfield           IL  USA  LOW   B B  C     708/501-4536 Y
11744 Bristol                  GBR  E1         C     (272) 255392 Y
11745 Hamburg                  FRG  E1    C C  C     (40)251-4037 Y
11752 West Bend            WI  USA  LOW   B B  C     414/334-1755 Y
11753 St. Cloud            MN  USA  LOW   B B  C     612/656-1280 Y
11754 Victoria             TX  USA  LOW   B B  C     512/576-9200 Y
11764 Portsmouth/Norfolk   VA  USA  MED   B B  C     804/857-0148 Y
11764 Virginia Bch/Norfolk VA  USA  MED   B B  C     804/857-0148 Y
11764 Norfolk              VA  USA  MED   B B  C     804/857-0148 Y
12026 Columbia             MO  USA  LOW   B B  C     314/875-5570 Y
12031 Presque Isle         ME  USA  LOW   B B  C     207/764-4167 Y
12044 New Haven            CT  USA  MED           C  203/789-1848 Y
12045 Memphis              TN  USA  MED           C  901/521-1303 Y
12054 Fayetteville         NC  USA  LOW   B B  C     919/424-9610 Y
12063 St. Louis            MO  USA  HIGH  B B  C     314/731-8283 Y
12063 Bridgeton/St. Louis  MO  USA  HIGH  B B  C     314/731-8283 Y
12066 Nashville            TN  USA  HIGH  B B  C     615/889-5790 Y
12101 Belleville/O'Fallon  IL  USA  LOW   B B  C     618/632-3993 Y
12150 Gary                 IN  USA  LOW   B B  C     219/884-7450 Y
12150 Hammond/Gary         IN  USA  LOW   B B  C     219/884-7450 Y
12150 Highland/Gary        IN  USA  LOW   B B  C     219/884-7450 Y
12151 Gary                 IN  USA  LOW   B B  C     219/884-7450 Y
12151 Hammond/Gary         IN  USA  LOW   B B  C     219/884-7450 Y
12151 Highland/Gary        IN  USA  LOW   B B  C     219/884-7450 Y
12161 Rotterdam                NLD  E1    C C  C  C  (10) 4530099 Y
12161 Rotterdam                NLD  E1         C     (10) 4524923 N HSA
12161 Rotterdam                NLD  E1    C C  C  C  (10) 4532002 Y
12201 Washington/Fairfax   DC  USA  HIGH  B B        703/691-8200 N
12201 Bethesda/Fairfax     VA  USA  HIGH  B B        703/691-8200 N
12201 Alexandria/Fairfax   VA  USA  HIGH  B B        703/691-8200
12201 Arlington/Fairfax    VA  USA  HIGH  B B        703/691-8200
12201 Fairfax              VA  USA  HIGH  B B        703/691-8200
12263 Lakeland             FL  USA  LOW   B B  C     813/858-6970 Y
12263 Winterhaven/Lakeland FL  USA  LOW   B B  C     813/858-6970 Y
12314 Freeland             MI  USA  LOW   B B  C     517/695-6751 Y
12314 Midland/Freeland     MI  USA  LOW   B B  C     517/695-6751 Y
12314 Saginaw/Freeland     MI  USA  LOW   B B  C     517/695-6751 Y
12361 Aurora/Denver        CO  USA  HIGH  B B  C     303/832-3447 Y
12361 Boulder/Denver       CO  USA  HIGH  B B  C     303/832-3447 Y
12361 Denver               CO  USA  HIGH  B B  C     303/832-3447 Y
12371 Bremen                   FRG  E1    C C  C     (421) 170997 Y
12425 El Centro            CA  USA  LOW   B B  C     619/352-5823 Y
12456 Fairfield            CA  USA  LOW   B B  C     707/421-0106 Y
12460 Victorville          CA  USA  LOW   B B  C     619/955-7050 Y
12513 Tallahassee          FL  USA  MED           C  904/422-0016 Y
12513 Tallahassee          FL  USA  MED   B B  C     904/422-0149 Y
12514 Jacksonville         FL  USA  MED   B B  C     904/721-8559 Y
12516 Watertown            NY  USA  LOW   B B  C     315/788-1816 Y
12533 Lancaster            CA  USA  LOW   B B  C     805/945-4962 Y
12534 Maui                 HI  USA  LOW   B B  C     808/661-7688 Y
12600 Meriden              CT  USA  LOW   B B  C     203/686-1238 Y
12600 Middletown/Meriden   CT  USA  LOW   B B  C     203/686-1238 Y
12601 Aiken                SC  USA  LOW   B B  C     803/648-0237 Y
12611 London               ON  CAN  CANL  C C  C     519/641-8362 Y
12620 Honolulu             HI  USA  MED        C     808/528-5300 Y
12621 Paducah              KY  USA  LOW   B B  C     502/443-1086 Y
12622 Dover                DE  USA  LOW   B B  C     302/678-3569 Y
12624 Marysville           CA  USA  LOW   B B  C     916/749-8015 Y
12626 Great Falls          MT  USA  LOW   B B  C     406/727-9510 Y
12642 Los Gatos            CA  USA  LOW   B B  C     408/356-1818 Y
12650 Paris                    FRA  E1    C C  C     (1)47728080  Y
12720 Birmingham           AL  USA  HIGH  B B  C     205/942-7898 Y
12732 Midland              TX  USA  LOW   B B  C     915/561-8401 Y
12732 Odessa/Midland       TX  USA  LOW   B B  C     915/561-8401 Y
12742 Zanesville           FL  USA  LOW   B B  C     614/454-2893 Y new svc
12755 Bismark              ND  USA  LOW   B B  C     701/223-5165 Y
13010 Houston              TX  USA  HIGH  B B  C     713/496-1332 Y
13026 Spokane              WA  USA  MED   B B  C     509/747-3011 Y
13103 Sarasota             FL  USA  LOW   B B  C     813/952-9000 Y
13104 Goteborg                 SWE  E2    C C  C     (31)450630   Y
13110 Rochester            MN  USA  LOW   B B  C     507/282-0830 Y
13120 Dallas               TX  USA  HIGH  B B  C     214/630-5516 Y
13121 Downrs Grove/Gln Eln IL  USA  MED   B B  C     708/790-4955 Y
13121 Glen Ellyn           IL  USA  MED   B B  C     708/790-4955 Y
13121 Wheaton/Glen Ellyn   IL  USA  MED   B B  C     708/790-4955 Y
13123 Knoxville            TN  USA  MED   B B  C     615/694-0156 Y
13132 Alexandria/Fairfax   VA  USA  HIGH  B B  C     703/352-3136 Y
13132 Arlington/Fairfax    VA  USA  HIGH  B B  C     703/352-3136 Y
13132 Fairfax              VA  USA  HIGH  B B  C     703/352-3136 Y
13132 Washington/Fairfax   DC  USA  HIGH  B B  C     703/352-3136 Y
13132 Bethesda/Fairfax     MD  USA  HIGH  B B  C     703/352-3136 Y
13133 Alexandria/Fairfax   VA  USA  HIGH  B B  C     703/352-3136 Y
13133 Arlington/Fairfax    VA  USA  HIGH  B B  C     703/352-3136 Y
13133 Fairfax              VA  USA  HIGH  B B  C     703/352-3136 Y
13133 Washington/Fairfax   DC  USA  HIGH  B B  C     703/352-3136 Y
13133 Bethesda/Fairfax     MD  USA  HIGH  B B  C     703/352-3136 Y
13134 Baton Rouge          LA  USA  MED   B B  C     504/291-0967 Y
13154 Brookfield           WI  USA  HIGH  B B  C     414/785-0630 Y
13154 Milwaukee/Brookfield WI  USA  HIGH  B B  C     414/785-0630 Y
13156 Alexandria           LA  USA  LOW   B B  C     318/445-1800 Y
13164 Sioux City           IA  USA  LOW   B B  C     712/255-3834 Y
13171 Upland               CA  USA  LOW   B B  C     714/985-1153 Y
13172 Gulfport             MS  USA  LOW   B B  C     601/864-9441 Y
13173 Lawrence             KS  USA  LOW   B B  C     913/843-4870 Y
13177 Wilmington           NC  USA  LOW   B B  C     919/392-7913 Y
13213 Edmunton             AB  CAN        C C  C     403/484-4404 Y
13214 Indianapolis         IN  USA  HIGH  B B  C     317/632-6408 Y
13215 Petersburg           VA  USA  LOW   B B  C     804/861-1788 Y
13216 Vineland             NJ  USA  LOW   B B  C     609/692-8943 Y
13224 Frankfurt                FRG  E1    C C  C     (69)507-6736 Y
13226 Newark               NJ  USA  HIGH  B B  C     201/824-3044 Y
13226 Elizabeth/Newark     NJ  USA  HIGH  B B  C     201/824-3044 Y
13226 Jersey City/Newark   NJ  USA  HIGH  B B  C     201/824-3044 Y
13226 Union/Newark         NJ  USA  HIGH  B B  C     201/824-3044 Y
13227 Newark               NJ  USA  HIGH  B B  C     201/824-3044 Y
13227 Elizabeth/Newark     NJ  USA  HIGH  B B  C     201/824-3044 Y
13227 Jersey City/Newark   NJ  USA  HIGH  B B  C     201/824-3044 Y
13227 Union/Newark         NJ  USA  HIGH  B B  C     201/824-3044 Y
13230 Miami                FL  USA  HIGH  B B  C     305/599-2900 Y
13231 Hempstead            NY  USA  MED   B B  C     516/485-7422 Y
13231 Mineola/Hempstead    NY  USA  MED   B B  C     516/485-7422 Y
13233 New York             NY  USA  HIGH  B B  C     212/809-9660 Y
13234 New York             NY  USA  HIGH  B B  C     212/809-9660 Y
13235 New York             NY  USA  HIGH  B B  C     212/809-9660 Y
13236 New York             NY  USA  HIGH  B B  C     212/809-9660 Y
13240 Tampa                FL  USA  HIGH  B B  C     813/933-6210 Y
13242 Morristown           NJ  USA  LOW   B B  C     201/539-1222 Y
13244 Pueblo               CO  USA  LOW   B B  C     719/543-9712 Y
13245 Norristown           PA  USA  MED   B B  C     215/666-9190 Y
13246 Salt Lake City       UT  USA  HIGH  B B  C     801/533-8152 Y
13247 Baton Rouge          LA  USA  MED   B B  C     504/291-0967 Y
13251 Newport Beach        CA  USA  HIGH  B B  C     714/852-8141 Y
13251 Anaheim/Newprt Beach CA  USA  HIGH  B B  C     714/852-8141 Y
13251 Irvine/Newport Beach CA  USA  HIGH  B B  C     714/852-8141 Y
13251 Santa Ana/Newprt Bch CA  USA  HIGH  B B  C     714/852-8141 Y
13252 Newport Beach        CA  USA  HIGH  B B  C     714/852-8141 Y
13252 Anaheim/Newprt Beach CA  USA  HIGH  B B  C     714/852-8141 Y
13252 Irvine/Newport Beach CA  USA  HIGH  B B  C     714/852-8141 Y
13252 Santa Ana/Newprt Bch CA  USA  HIGH  B B  C     714/852-8141 Y
13253 Longwood/Orlando     FL  USA  MED   B B  C     407/841-0217 Y
13253 Orlando              FL  USA  MED   B B  C     407/841-0217 Y
13256 Temple               TX  USA  LOW   B B  C     817/773-2545 Y
13273 Downrs Grove/Gln Eln IL  USA  MED   B B  C     708/790-4955 Y
13273 Glen Ellyn           IL  USA  MED   B B  C     708/790-4955 Y
13273 Wheaton/Glen Ellyn   IL  USA  MED   B B  C     708/790-4955 Y
13300 New Orleans          LA  USA  HIGH  B B  C     504/525-2014 Y
13301 New Orleans          LA  USA  HIGH  B B  C     504/525-2014 Y
13314 Frederick/Myersville MD  USA  LOW   B B  C     301/293-9504 Y
13314 Hagerstown/Myersvill MD  USA  LOW   B B  C     301/293-9504 Y
13314 Myersville           MD  USA  LOW   B B  C     301/293-9504 Y
13334 Toulouse                 FRA  E1    C C  C     (61) 300291  Y
13341 Hull/Ottawa          ON  CAN  CANH  C C  C     613/563-2910 N
13341 Ottawa               ON  CAN  CANH  C C  C     613/563-2910 N
13344 Bellingham           WA  USA  LOW   B B  C     206/671-7750 Y
13345 Springfield          OH  USA  LOW   B B  C     513/322-8855 Y
13346 Kankakee/Bradley     IL  USA  LOW   B B  C     815/935-2352 Y
13346 Bradley              IL  USA  LOW   B B  C     815/935-2352 Y
13354 Chico                CA  USA  LOW   B B  C     916/343-4401 Y
13357 Bryan                TX  USA  LOW   B B  C     409/823-1090 Y
13364 Missoula             MT  USA  LOW   B B  C     406/542-0472 Y
13365 Pascagoula           MS  USA  LOW   B B  C     601/769-0121 Y
13430 Minot                ND  USA  LOW   B B  C     701/838-2140 Y
13446 Red Bank             NJ  USA  LOW   B B  C     908/758-0337 Y
13446 Eatontown/Red Bank   NJ  USA  LOW   B B  C     908/758-0337 Y
13446 Long Branch/Red Bank NJ  USA  LOW   B B  C     908/758-0337 Y
13450 Elmira               NY  USA  LOW   B B  C     607/737-9065 Y
13451 Rome                     ITA  E2    B C  C     (6)8550340   Y
13452 Turin                    ITA  E2    B C  C     (11)2480125  Y
13524 Fayetteville         AR  USA  LOW   B B  C     501/442-0234 Y
13524 Springdale/Fayettevl AR  USA  LOW   B B  C     501/442-0234 Y
13535 Honolulu             HI  USA  MED        C     808/528-5300 Y
13541 Colorado Springs     CO  USA  MED   B B  C     719/590-1003 Y
13552 Bakersfield          CA  USA  LOW   B B  C     805/325-0371 Y
13553 Harrisburg/Lemoyne   PA  USA  MED   B B  C     717/975-9881 Y
13553 Lemoyne              PA  USA  MED   B B  C     717/975-9881 Y
13554 Richland             WA  USA  MED   B B  C     509/375-3367 Y
13557 Port Arthur          TX  USA  LOW   B B  C     409/721-3400 Y
13557 Nederland/Pt. Arthur TX  USA  LOW   B B  C     409/721-3400 Y
13572 Springfield          MO  USA  LOW   B B  C     417/881-6225 Y
13573 Austin               TX  USA  HIGH  B B  C     512/448-1096 Y
13576 Fresno               CA  USA  LOW   B B  C     209/442-4328 Y
13577 Shreveport           LA  USA  LOW   B B  C     318/688-5840 Y
13601 Birmingham           AL  USA  HIGH  B B  C     205/942-7898 Y
13602 Birmingham           AL  USA  HIGH  B B  C     205/942-7898 Y
13603 Louisville           KY  USA  MED   B B  C     502/499-9825 Y
13614 Long Beach           CA  USA  MED   B B  C     310/436-6033 Y
13614 Norwalk/Long Beach   CA  USA  MED   B B  C     310/436-6033 Y
13614 San Pedro/Long Beach CA  USA  MED   B B  C     310/436-6033 Y
13616 Little Rock          AR  USA  MED   B B  C     501/666-6886 Y
13617 Philadelphia         PA  USA  HIGH  B B  C     215/592-8750 Y
13620 Mobile               AL  USA  MED   B B  C     205/460-2515 Y
13623 Akron                OH  USA  MED   B B  C     216/376-8330 Y
13624 Toledo               OH  USA  MED   B B  C     419/255-7705 Y
13626 Memphis              TN  USA  MED   B B  C     901/527-8122 Y
13641 Burton               MI  USA  LOW   B B  C     313/743-8350 Y
13643 Madrid                   ESP  E2    C C  C     (1) 7661900  Y
13645 Lansing              MI  USA  MED   B B  C     517/484-5344 Y
13646 Fort Worth           TX  USA  MED   B B  C     817/332-9397 Y
13646 Alington/Fort Worth  TX  USA  MED   B B  C     817/332-9397 Y
13650 Columbia             SC  USA  MED   B B  C     803/254-7563 Y
13651 Columbia             SC  USA  MED   B B  C     803/254-7563 Y
13653 Ft. Wayne            IN  USA  LOW   B B  C     219/422-2581 Y
13655 Huntsville           AL  USA  MED   B B  C     205/882-1519 Y

* Node 4003 is listed for many different countries.  It represents the
  Enhanced Global Connection Service which includes nodes:
  2576, 3512, 3513, and 4003.

B=BELL 103/113 (300 bps) or BELL 212A (1200 bps) compatable modems

C=CCITT V.21(300 bps) or CCITT V.22 bis(2400 bps) or CCITT V.32 compatible
  modems
