

                                ==Phrack Inc.==

                     Volume Four, Issue Forty, File 9 of 14

                       _________________________________
                     ||                                 ||
                     ||            BT Tymnet            ||
                     ||         British Telecom         ||
                     ||                                 ||
                     ||           Part 2 of 3           ||
                     ||                                 ||
                     ||    Presented by Toucan Jones    ||
                     ||                                 ||
                     ||          August 1, 1992         ||
                     ||_________________________________||


                            Welcome Back to Tymnet!


PART 1
 A. BT Tymnet Access Location Index
 B. BT-GNS Access Within Regional Bell Operating Companies
  1. Bell Atlantic
  2. BellSouth
  3. Pacific Bell
  4. Southwestern Bell
  5. Southern New England Telephone
 C. Database or Timesharing Companies on Tymnet
 D. Service Classifications For Database or Timesharing Companies Using Tymnet
 E. Summary of Global Network Services By Country
 F. Terminal Identifiers
 G. Login Options

PART 2
 H. BT-GNS Worldwide Asynchronus Outdial Service

PART 3
 I. BT-GNS Worldwide Access Sorted By Node

- - - - - - - - - - - - - - - - - - - - - - - - - - - - - - - - - - - - - - - -

 H. BT-GNS Worldwide Asynchronus Outdial Service
    ~~~~~~~~~~~~~~~~~~~~~~~~~~~~~~~~~~~~~~~~~~~~
                                          DIALUP ACCESS           M
- OUTDIAL -               PROV             100's bps              N
HOST  CITY                 ST CNTRY DENS  3 12 24 96  AREA CODE   P COMMENTS
----- -------------------- -- ----- ----  ---------- ------------ - --------
7651  Anniston             AL  USA  LOW   B B  C         205      Y
4101  Birmingham           AL  USA  HIGH  B B  C         205      Y
2517  Dothan               AL  USA  LOW   B B  C         205      Y
5641  Florence             AL  USA  LOW   B B  C         205      Y
8287  Gadsden              AL  USA  LOW   B B  C         205      Y
737   Huntsville           AL  USA  MED   B B  C         205      Y
8829  Mobile               AL  USA  MED   B B  C         205      Y
3245  Montgomery           AL  USA  LOW   B B  C         205      Y
2439  Northport            AL  USA  LOW   B B  C         205      Y
1751  Opelika              AL  USA  LOW   B B  C         205      Y
2439  Tuscaloosa/Northport AL  USA  LOW   B B  C         205      Y
15360 Fayetteville         AR  USA  LOW   B B  C         501      Y
1297  Ft. Smith            AR  USA  LOW   B B  C         501      Y
2725  Hot Springs          AR  USA  LOW   B B  C         501      Y
2794  Jonesboro            AR  USA  LOW   B B  C         501      Y
10690 Little Rock          AR  USA  MED   B B  C         501      Y
10690 Little Rock          AR  USA  MED   B B  C         501      Y
7380  Pine bluff           AR  USA  LOW   B B  C         501      Y
15360 Springdale/Fayettevl AR  USA  LOW   B B  C         501      Y
6112  Flagstaff            AZ  USA  LOW   B B  C         602      Y
9532  Mesa/Phoenix         AZ  USA  HIGH  B B  C         602      Y
9532  Mesa/Phoenix         AZ  USA  HIGH  B B  C         602      Y
9532  Phoenix              AZ  USA  HIGH  B B  C         602      Y
9532  Phoenix              AZ  USA  HIGH  B B  C         602      Y
3232  Tucson               AZ  USA  MED   B B  C         602      Y
3232  Tucson               AZ  USA  MED   B B  C         602      Y
3530  Yuma                 AZ  USA  LOW   B B  C         602      Y
8963  Alameda/Oakland      CA  USA  HIGH  B B  C         510      Y
2940  Alhambra             CA  USA  MED   B B  C         818      Y
2940  Alhambra             CA  USA  MED   B B  C         818      Y
9184  Anaheim/Newprt Beach CA  USA  HIGH  B B  C         714      Y
9184  Anaheim/Newprt Beach CA  USA  HIGH  B B  C         714      Y
4457  Antioch              CA  USA  LOW   B B  C         510      Y
2940  Arcadia/Alhambra     CA  USA  MED   B B  C         818      Y
2940  Arcadia/Alhambra     CA  USA  MED   B B  C         818      Y
3664  Bakersfield          CA  USA  LOW   B B  C         805      Y
9182  Belmont/Redwood City CA  USA  HIGH  B B  C         415      Y
8963  Berkeley/Oakland     CA  USA  HIGH  B B  C         510      Y
9206  Beverly Hills/Shr Ok CA  USA  MED   B B  C         818      Y
2841  Burbank              CA  USA  LOW   B B  C         818      Y
3486  Burlingame/So. S.F.  CA  USA  LOW   B B  C         415      Y
9206  Canoga Park/Shrm Oak CA  USA  MED   B B  C         818      Y
7859  Cathedral City       CA  USA  LOW   B B  C         619      Y
7801  Chico                CA  USA  LOW   B B  C         916      Y
6294  Colton               CA  USA  MED   B B  C         714      Y
9202  Concord/Walnut Creek CA  USA  LOW   B B  C         510      Y
9202  Concord/Walnut Creek CA  USA  LOW   B B  C         510      Y
5415  Corona               CA  USA  LOW   B B  C         714      Y
4309  Covina/Diamond Bar   CA  USA  MED   B B  C         714      Y
7276  Davis                CA  USA  LOW   B B  C         916      Y
4309  Diamond Bar          CA  USA  MED   B B  C         714      Y
06824 El Centro            CA  USA  LOW   B B  C         619      Y
2940  El Monte/Alhambra    CA  USA  MED   B B  C         818      Y
2940  El Monte/Alhambra    CA  USA  MED   B B  C         818      Y
9203  El Segundo           CA  USA  MED   B B  C         310      Y
09203 El Segundo           CA  USA  MED   B B  C         310      Y
4304  Escondido/Vista      CA  USA  MED   B B  C         619      Y
981   Eureka               CA  USA  LOW   B B  C         707      Y
03513 Fairfield            CA  USA  LOW   B B  C         707      Y
3513  Fairfield            CA  USA  LOW   B B  C         707      Y
7399  Fremont              CA  USA  MED   B B  C         510      Y
3996  Fresno               CA  USA  LOW   B B  C         209      Y
3996  Fresno               CA  USA  LOW   B B  C         209      Y
2841  Glendale/Burbank     CA  USA  LOW   B B  C         818      Y
8963  Hayward/Oakland      CA  USA  HIGH  B B  C         510      Y
3173  Inglewood/Vernon     CA  USA  HIGH  B B  C         213      Y
3173  Inglewood/Vernon     CA  USA  HIGH  B B  C         213      Y
3173  Inglewood/Vernon     CA  USA  HIGH  B B  C         213      Y
3173  Inglewood/Vernon     CA  USA  HIGH  B B  C         213      Y
9184  Irvine/Newport Beach CA  USA  HIGH  B B  C         714      Y
9184  Irvine/Newport Beach CA  USA  HIGH  B B  C         714      Y
5991  Lancaster            CA  USA  LOW   B B  C         805      Y
9205  Long Beach           CA  USA  MED   B B  C         310      Y
6616  Los Alamos/St. Maria CA  USA  LOW   B B  C         805      Y
6450  Los Altos/San Jose   CA  USA  HIGH  B B  C         408      Y
6450  Los Altos/San Jose   CA  USA  HIGH  B B  C         408      Y
6450  Los Altos/San Jose   CA  USA  HIGH  B B  C         408      Y
3173  Los Angeles/Vernon   CA  USA  HIGH  B B  C         213      Y
3173  Los Angeles/Vernon   CA  USA  HIGH  B B  C         213      Y
3173  Los Angeles/Vernon   CA  USA  HIGH  B B  C         213      Y
3173  Los Angeles/Vernon   CA  USA  HIGH  B B  C         213      Y
9203  Mar Vista/El Segundo CA  USA  MED   B B  C         310      Y
9203  Mar Vista/El Segundo CA  USA  MED   B B  C         310      Y
9203  MarinaDelRey/El Sgnd CA  USA  MED   B B  C         310      Y
03501 Marysville           CA  USA  LOW   B B  C         916      Y
14085 Merced               CA  USA  LOW   B B  C         209      Y
2120  Modesto              CA  USA  LOW   B B  C         209      Y
10401 Monterey             CA  USA  LOW   B B  C         408      Y
10401 Monterey             CA  USA  LOW   B B  C         408      Y
5134  Moorpark             CA  USA  LOW   B B  C         805      Y
13891 Napa                 CA  USA  LOW   B B  C         707      Y
9184  Newport Beach        CA  USA  HIGH  B B  C         714      Y
9184  Newport Beach        CA  USA  HIGH  B B  C         714      Y
9205  Norwalk/Long Beach   CA  USA  MED   B B  C         310      Y
8963  Oakland              CA  USA  HIGH  B B  C         510      Y
4309  Ontario/Diamond Bar  CA  USA  MED   B B  C         714      Y
4112  Oxnard/Port Hueneme  CA  USA  MED   B B  C         805      Y
9202  Pacheco/Walnut Creek CA  USA  LOW   B B  C         510      Y
9202  Pacheco/Walnut Creek CA  USA  LOW   B B  C         510      Y
7859  Palm Sprngs/Cath Cty CA  USA  LOW   B B  C         619      Y
9182  Palo Alto/Redwd City CA  USA  HIGH  B B  C         415      Y
2940  Pasadena/Alhambra    CA  USA  MED   B B  C         818      Y
2940  Pasadena/Alhambra    CA  USA  MED   B B  C         818      Y
9202  Pleasnthill/Walnt Ck CA  USA  LOW   B B  C         510      Y
9202  Pleasnthill/Walnt Ck CA  USA  LOW   B B  C         510      Y
4309  Pomona/Diamond Bar   CA  USA  MED   B B  C         714      Y
4112  Port Hueneme         CA  USA  MED   B B  C         805      Y
5416  Poway                CA  USA  LOW   B B  C         619      Y
4972  Redding              CA  USA  LOW   B B  C         916      Y
9182  Redwood City         CA  USA  HIGH  B B  C         415      Y
6294  Riverside/Colton     CA  USA  MED   B B  C         714      Y
9179  Sacramento           CA  USA  HIGH  B B  C         916      Y
3655  Salinas              CA  USA  LOW   B B  C         408      Y
6294  San Bernadino/Colton CA  USA  MED   B B  C         714      Y
4447  San Clemente         CA  USA  LOW   B B  C         714      Y
9183  San Diego            CA  USA  HIGH  B B  C         619      Y
9183  San Diego            CA  USA  HIGH  B B  C         619      Y
9206  San Fernando/Shr Oak CA  USA  MED   B B  C         818      Y
9533  San Francisco        CA  USA  HIGH  B B  C         415      Y
9533  San Francisco        CA  USA  HIGH  B B  C         415      Y
9533  San Francisco        CA  USA  HIGH  B B  C         415      Y
6450  San Jose             CA  USA  HIGH  B B  C         408      Y
6450  San Jose             CA  USA  HIGH  B B  C         408      Y
6450  San Jose             CA  USA  HIGH  B B  C         408      Y
2979  San Luis Obispo      CA  USA  LOW   B B  C         805      Y
3486  San Mateo/So. S.F.   CA  USA  LOW   B B  C         415      Y
9205  San Pedro/Long Beach CA  USA  MED   B B  C         310      Y
8094  San Rafael           CA  USA  LOW   B B  C         415      Y
9184  Santa Ana/Newprt Bch CA  USA  HIGH  B B  C         714      Y
9184  Santa Ana/Newprt Bch CA  USA  HIGH  B B  C         714      Y
6295  Santa Barbara        CA  USA  MED   B B  C         805      Y
6450  Santa Clara/San Jose CA  USA  HIGH  B B  C         408      Y
6450  Santa Clara/San Jose CA  USA  HIGH  B B  C         408      Y
6450  Santa Clara/San Jose CA  USA  HIGH  B B  C         408      Y
3182  Santa Cruz           CA  USA  MED   B B  C         408      Y
6116  Santa Maria          CA  USA  LOW   B B  C         805      Y
9203  Santa Monica/El Sgnd CA  USA  MED   B B  C         310      Y
4111  Santa Rosa           CA  USA  LOW   B B  C         707      Y
9206  Sherman Oaks         CA  USA  MED   B B  C         818      Y
3486  So. San Francisco    CA  USA  LOW   B B  C         415      Y
3208  Stockton             CA  USA  LOW   B B  C         209      Y
6450  Sunnyvale/San Jose   CA  USA  HIGH  B B  C         408      Y
6450  Sunnyvale/San Jose   CA  USA  HIGH  B B  C         408      Y
6450  Sunnyvale/San Jose   CA  USA  HIGH  B B  C         408      Y
14338 Upland               CA  USA  LOW   B B  C         714      Y
3830  Vallejo              CA  USA  LOW   B B  C         707      Y
9206  Van Nuys/Sherman Oak CA  USA  MED   B B  C         818      Y
4112  Ventura/Port Hueneme CA  USA  MED   B B  C         805      Y
3173  Vernon               CA  USA  HIGH  B B  C         213      Y
3173  Vernon               CA  USA  HIGH  B B  C         213      Y
3173  Vernon               CA  USA  HIGH  B B  C         213      Y
3173  Vernon               CA  USA  HIGH  B B  C         213      Y
3598  Visalia              CA  USA  LOW   B B  C         209      Y
4304  Vista                CA  USA  MED   B B  C         619      Y
4309  W.Covina/Diamond Bar CA  USA  MED   B B  C         714      Y
9202  Walnut Creek         CA  USA  LOW   B B  C         510      Y
9202  Walnut Creek         CA  USA  LOW   B B  C         510      Y
9206  West L.A./Shrmn Oaks CA  USA  MED   B B  C         818      Y
7276  Woodland/Davis       CA  USA  LOW   B B  C         916      Y
2584  Aurora/Denver        CO  USA  HIGH  B B  C         303      Y
2584  Aurora/Denver        CO  USA  HIGH  B B  C         303      Y
2584  Boulder/Denver       CO  USA  HIGH  B B  C         303      Y
2584  Boulder/Denver       CO  USA  HIGH  B B  C         303      Y
2660  Colorado Springs     CO  USA  MED   B B  C         719      Y
2660  Colorado Springs     CO  USA  MED   B B  C         719      Y
2584  Denver               CO  USA  HIGH  B B  C         303      Y
2584  Denver               CO  USA  HIGH  B B  C         303      Y
8737  Fort Collins         CO  USA  LOW   B B  C         303      Y
6115  Grand Junction       CO  USA  LOW   B B  C         303      Y
7743  Greeley              CO  USA  LOW   B B  C         303      Y
14753 Pueblo               CO  USA  LOW   B B  C         719      Y
9128  Bloomfield           CT  USA  HIGH  B B  C         203      Y
9128  Bloomfield           CT  USA  HIGH  B B  C         203      Y
6472  Bridgeport           CT  USA  MED   B B  C         203      Y
7962  Fairfield/Westport   CT  USA  MED   B B  C         203      Y
9128  Hartford/Bloomfield  CT  USA  HIGH  B B  C         203      Y
3165  Meriden              CT  USA  LOW   B B  C         203      Y
3165  Middletown/Meriden   CT  USA  LOW   B B  C         203      Y
11036 New Haven            CT  USA  MED   B B  C         203      Y
7955  New London           CT  USA  LOW   B B  C         203      Y
7962  Norwalk/Westport     CT  USA  MED   B B  C         203      Y
7955  Norwich/New London   CT  USA  LOW   B B  C         203      Y
8071  Somers               CT  USA  LOW   B B  C         203      Y
9129  Stamford             CT  USA  HIGH  B B  C         203      Y
6472  Stratford/Bridgeport CT  USA  MED   B B  C         203      Y
3073  Waterbury            CT  USA  LOW   B B  C         203      Y
7962  Westport             CT  USA  MED   B B  C         203      Y
2262  Washington/Fairfax   DC  USA  HIGH  B B  C         703      Y
2262  Washington/Fairfax   DC  USA  HIGH  B B  C         703      Y
2262  Washington/Fairfax   DC  USA  HIGH  B B  C         703      Y
2262  Washington/Fairfax   DC  USA  HIGH  B B  C         703      Y
2262  Washington/Fairfax   DC  USA  HIGH  B B  C         703      Y
12900 Dover                DE  USA  LOW   B B  C         302      Y
10800 Georgetown           DE  USA  LOW   B B  C         302      Y
1784  Newark/Wilmington    DE  USA  MED   B B  C         302      Y
1784  Wilmington           DE  USA  MED   B B  C         302      Y
5656  Boca Raton/Delray    FL  USA  LOW   B B  C         407      Y
3326  Boyntn Bch/WPalm Bch FL  USA  MED   B B  C         407      Y
4637  Clearwater           FL  USA  MED   B B  C         813      Y
3720  Cocoa                FL  USA  LOW   B B  C         407      Y
3720  Cocoa                FL  USA  LOW   B B  C         407      Y
5656  Delray               FL  USA  LOW   B B  C         407      Y
9453  Fort Meyers          FL  USA  LOW   B B  C         813      Y
4701  Fort Pierce          FL  USA  LOW   B B  C         407      Y
7123  Ft. Lauderdale       FL  USA  MED   B B  C         305      Y
10351 Gainesville          FL  USA  LOW   B B  C         904      Y
7123  Hollywd/Ft. Laudrdle FL  USA  MED   B B  C         305      Y
5797  Jacksonville         FL  USA  MED   B B  C         904      Y
5797  Jacksonville         FL  USA  MED   B B  C         904      Y
09914 Key West             FL  USA  LOW   B B  C         305      Y
9900  Kissimmee            FL  USA  LOW   B B  C         407      Y
820   Lakeland             FL  USA  LOW   B B  C         813      Y
7096  Longwood/Orlando     FL  USA  MED   B B  C         407      Y
3720  Melbourne/Cocoa      FL  USA  LOW   B B  C         407      Y
3720  Melbourne/Cocoa      FL  USA  LOW   B B  C         407      Y
3720  Merrit Isle/Cocoa    FL  USA  LOW   B B  C         407      Y
3720  Merrit Isle/Cocoa    FL  USA  LOW   B B  C         407      Y
6582  Miami                FL  USA  HIGH  B B  C         305      Y
6582  Miami                FL  USA  HIGH  B B  C         305      Y
11124 Naples               FL  USA  LOW   B B  C         813      Y
7220  Ocala                FL  USA  LOW   B B  C         904      Y
7096  Orlando              FL  USA  MED   B B  C         407      Y
10699 Ormond Beach         FL  USA  LOW   B B  C         904      Y
3407  Panama City          FL  USA  LOW   B B  C         904      Y
3193  Pensacola            FL  USA  LOW   B B  C         904      Y
7123  Pompno Bch/Fr. Ldrdl FL  USA  MED   B B  C         305      Y
9902  Port St. Lucie       FL  USA  LOW   B B  C         407      Y
3112  Sarasota             FL  USA  LOW   B B  C         813      Y
3112  Sarasota             FL  USA  LOW   B B  C         813      Y
4637  St. Petersbrg/Clrwtr FL  USA  MED   B B  C         813      Y
12790 Tallahassee          FL  USA  MED   B B  C         904      Y
5518  Tampa                FL  USA  HIGH  B B  C         813      Y
6181  Vero Beach           FL  USA  LOW   B B  C         407      Y
3326  West Palm Beach      FL  USA  MED   B B  C         407      Y
820   Winterhaven/Lakeland FL  USA  LOW   B B  C         813      Y
5774  Albany               GA  USA  LOW   B B  C         912      Y
8795  Atlanta/Doraville    GA  USA  HIGH  B B  C         404      Y
8795  Atlanta/Doraville    GA  USA  HIGH  B B  C         404      Y
8795  Atlanta/Doraville    GA  USA  HIGH  B B  C         404      Y
433   Augusta/Martinez     GA  USA  LOW   B B  C         404      Y
433   Augusta/Martinez     GA  USA  LOW   B B  C         404      Y
14525 Columbus             GA  USA  LOW   B B  C         404      Y
8795  Doraville            GA  USA  HIGH  B B  C         404      Y
8795  Doraville            GA  USA  HIGH  B B  C         404      Y
8795  Doraville            GA  USA  HIGH  B B  C         404      Y
3711  Macon/Warner Robins  GA  USA  LOW   B B  C         912      Y
8795  Marietta/Doraville   GA  USA  HIGH  B B  C         404      Y
8795  Marietta/Doraville   GA  USA  HIGH  B B  C         404      Y
8795  Marietta/Doraville   GA  USA  HIGH  B B  C         404      Y
433   Martinez             GA  USA  LOW   B B  C         404      Y
8795  Norcross/Doraville   GA  USA  HIGH  B B  C         404      Y
8795  Norcross/Doraville   GA  USA  HIGH  B B  C         404      Y
8795  Norcross/Doraville   GA  USA  HIGH  B B  C         404      Y
1386  Rome                 GA  USA  LOW   B B  C         404      Y
3327  Savannah             GA  USA  LOW   B B  C         912      Y
3711  Warner Robins        GA  USA  LOW   B B  C         912      Y
1745  Ames                 IA  USA  LOW   B B  C         515      Y
5964  Cedar Falls/Waterloo IA  USA  LOW   B B  C         319      Y
8755  Cedar Rapids         IA  USA  LOW   B B  C         319      Y
5296  Davenport/RockIsland IA  USA  MED   B B  C         309      Y
9854  Des Moines           IA  USA  MED   B B  C         515      Y
3275  Dubuque              IA  USA  LOW   B B  C         319      Y
5290  Iowa City            IA  USA  LOW   B B  C         319      Y
5374  Marshalltown         IA  USA  LOW   B B  C         515      Y
08985 Ottomwa              IA  USA  LOW   B B  C         515      Y
14315 Sioux City           IA  USA  LOW   B B  C         712      Y
5964  Waterloo             IA  USA  LOW   B B  C         319      Y
200   Boise                ID  USA  MED   B B  C         208      Y
10239 Coeur D'Alene        ID  USA  LOW   B B  C         208      Y
3660  Idaho Falls          ID  USA  LOW   B B  C         208      Y
3207  Pocatello            ID  USA  LOW   B B  C         208      Y
1436  Twin Falls           ID  USA  LOW   B B  C         208      Y
11496 Bloomington          IL  USA  LOW   B B  C         309      Y
13595 Bradley              IL  USA  LOW   B B  C         815      Y
9753  Champaign/Urbana     IL  USA  LOW   B B  C         217      Y
8257  Chicago              IL  USA  HIGH  B B  C         312      Y
8257  Chicago              IL  USA  HIGH  B B  C         312      Y
4630  Cicero/Maywood       IL  USA  LOW   B B  C         708      Y
1119  Danville             IL  USA  LOW   B B  C         217      Y
8900  Decatur              IL  USA  LOW   B B  C         217      Y
8944  Downrs Grove/Gln Eln IL  USA  MED   B B  C         708      Y
8944  Downrs Grove/Gln Eln IL  USA  MED   B B  C         708      Y
3905  Elgin                IL  USA  LOW   B B  C         708      Y
4630  Forest Park/Maywood  IL  USA  LOW   B B  C         708      Y
2514  Freeport             IL  USA  LOW   B B  C         815      Y
8944  Glen Ellyn           IL  USA  MED   B B  C         708      Y
8944  Glen Ellyn           IL  USA  MED   B B  C         708      Y
14576 Joliet               IL  USA  LOW   B B  C         815      Y
13595 Kankakee/Bradley     IL  USA  LOW   B B  C         815      Y
780   Lake Bluff           IL  USA  LOW   B B  C         708      Y
7005  Lake Zurich/Palatine IL  USA  LOW   B B  C         708      Y
13640 Lansing              IL  USA  LOW   B B  C         708      Y
780   Librtyvle/Lake Bluff IL  USA  LOW   B B  C         708      Y
4630  Maywood              IL  USA  LOW   B B  C         708      Y
10945 Northfield           IL  USA  LOW   B B  C         708      Y
3001  O'Fallon             IL  USA  LOW   B B  C         618      Y
7005  Palatine             IL  USA  LOW   B B  C         708      Y
3614  Peoria               IL  USA  LOW   B B  C         309      Y
14553 Quincy               IL  USA  LOW   B B  C         217      Y
5296  Rock Island          IL  USA  MED   B B  C         309      Y
6048  Rockford             IL  USA  MED   B B  C         815      Y
5403  Springfield          IL  USA  MED   B B  C         217      Y
9753  Urbana               IL  USA  LOW   B B  C         217      Y
8944  Wheaton/Glen Ellyn   IL  USA  MED   B B  C         708      Y
8944  Wheaton/Glen Ellyn   IL  USA  MED   B B  C         708      Y
9323  Bloomington          IN  USA  LOW   B B  C         812      Y
2444  Elkhart              IN  USA  LOW   B B  C         219      Y
3426  Evansville           IN  USA  LOW   B B  C         812      Y
3423  Ft. Wayne            IN  USA  LOW   B B  C         219      Y
14286 Gary                 IN  USA  LOW   B B  C         219      Y
14286 Gary                 IN  USA  LOW   B B  C         219      Y
14286 Hammond/Gary         IN  USA  LOW   B B  C         219      Y
14286 Hammond/Gary         IN  USA  LOW   B B  C         219      Y
14286 Highland/Gary        IN  USA  LOW   B B  C         219      Y
14286 Highland/Gary        IN  USA  LOW   B B  C         219      Y
9349  Indianapolis         IN  USA  HIGH  B B  C         317      Y
2646  Kokomo               IN  USA  LOW   B B  C         317      Y
3157  Lafayette            IN  USA  LOW   B B  C         317      Y
4632  Marion               IN  USA  LOW   B B  C         317      Y
5129  Mishawaka/South Bend IN  USA  MED   B B  C         219      Y
5129  South Bend           IN  USA  MED   B B  C         219      Y
2893  Terre Haute          IN  USA  LOW   B B  C         812      Y
8615  Kansas City/Mission  KS  USA  HIGH  B B  C         913      Y
8615  Kansas City/Mission  KS  USA  HIGH  B B  C         913      Y
14347 Lawrence             KS  USA  LOW   B B  C         913      Y
3408  Leavenworth          KS  USA  LOW   B B  C         913      Y
2799  Manhattan            KS  USA  LOW   B B  C         913      Y
8615  Mission              KS  USA  HIGH  B B  C         913      Y
8615  Mission              KS  USA  HIGH  B B  C         913      Y
3416  Salina               KS  USA  LOW   B B  C         913      Y
8615  Shawnee/Mission      KS  USA  HIGH  B B  C         913      Y
8615  Shawnee/Mission      KS  USA  HIGH  B B  C         913      Y
1672  Topeka               KS  USA  LOW   B B  C         913      Y
8013  Wichita              KS  USA  MED   B B  C         316      Y
16213 Bowling Green        KY  USA  LOW   B B  C         502      Y
3718  Frankfort            KY  USA  LOW   B B  C         502      Y
9987  Lexington            KY  USA  MED   B B  C         606      Y
8678  Louisville           KY  USA  MED   B B  C         502      Y
1087  Owensboro            KY  USA  LOW   B B  C         502      Y
02291 Paducah              KY  USA  LOW   B B  C         502      Y
14288 Alexandria           LA  USA  LOW   B B  C         318      Y
6999  Baton Rouge          LA  USA  MED   B B  C         504      Y
6999  Baton Rouge          LA  USA  MED   B B  C         504      Y
8525  Lafayette            LA  USA  LOW   B B  C         318      Y
15174 Lake Charles         LA  USA  LOW   B B  C         318      Y
2480  Monroe               LA  USA  LOW   B B  C         318      Y
3654  New Orleans          LA  USA  HIGH  B B  C         504      Y
03654 New Orleans          LA  USA  HIGH  B B  C         504      Y
03654 New Orleans          LA  USA  HIGH  B B  C         504      Y
3539  Shreveport           LA  USA  LOW   B B  C         318      Y
10404 Slidell              LA  USA  LOW   B B  C         504      Y
7044  Bedford              MA  USA  LOW   B B  C         617      Y
8796  Boston               MA  USA  HIGH  B B  C         617      Y
8796  Boston               MA  USA  HIGH  B B  C         617      Y
753   Brockton/Randolph    MA  USA  LOW   B B  C         617      Y
8796  Cambridge/Boston     MA  USA  HIGH  B B  C         617      Y
8796  Cambridge/Boston     MA  USA  HIGH  B B  C         617      Y
3003  Fall River/Somerset  MA  USA  LOW   B B  C         508      Y
10677 Fitchburg/Leominster MA  USA  LOW   B B  C         508      Y
10148 Groton               MA  USA  LOW   B B  C         508      Y
3948  Holyoke/Springfield  MA  USA  MED   B B  C         413      Y
3948  Holyoke/Springfield  MA  USA  MED   B B  C         413      Y
3948  Holyoke/Springfield  MA  USA  MED   B B  C         413      Y
11063 Kingston             MA  USA  LOW   B B  C         617      Y
10020 Lawrence             MA  USA  LOW   B B  C         508      Y
10677 Leominster           MA  USA  LOW   B B  C         508      Y
531   Lowell               MA  USA  LOW   B B  C         508      Y
07745 Lynn                 MA  USA  LOW   B B  C         617      Y
4001  Manchester           MA  USA  LOW   B B  C         508      Y
432   Marlborough          MA  USA  LOW   B B  C         508      Y
4216  New Bedford          MA  USA  LOW   B B  C         508      Y
2478  Pittsfield           MA  USA  LOW   B B  C         413      Y
753   Randolph             MA  USA  LOW   B B  C         617      Y
3003  Somerset             MA  USA  LOW   B B  C         508      Y
3948  Springfield          MA  USA  MED   B B  C         413      Y
3948  Springfield          MA  USA  MED   B B  C         413      Y
3948  Springfield          MA  USA  MED   B B  C         413      Y
11108 Taunton              MA  USA  LOW   B B  C         508      Y
7044  Woburn/Bedford       MA  USA  LOW   B B  C         617      Y
3456  Worcester            MA  USA  LOW   B B  C         508      Y
14437 Aberdeen             MD  USA  LOW   B B  C         410      Y
10587 Annapolis            MD  USA  LOW   B B  C         410      Y
4600  Baltimore            MD  USA  HIGH  B B  C         410      Y
4600  Baltimore            MD  USA  HIGH  B B  C         410      Y
2262  Bethesda/Fairfax     MD  USA  HIGH  B B  C         703      Y
2262  Bethesda/Fairfax     MD  USA  HIGH  B B  C         703      Y
2262  Bethesda/Fairfax     MD  USA  HIGH  B B  C         703      Y
2262  Bethesda/Fairfax     MD  USA  HIGH  B B  C         703      Y
2262  Bethesda/Fairfax     MD  USA  HIGH  B B  C         703      Y
999   Cumberland           MD  USA  LOW   B B  C         301      Y
10832 Frederick/Myersville MD  USA  LOW   B B  C         301      Y
10832 Hagerstown/Myersvill MD  USA  LOW   B B  C         301      Y
10832 Myersville           MD  USA  LOW   B B  C         301      Y
1758  Rockville            MD  USA  LOW   B B  C         301      Y
10209 Salisbury            MD  USA  LOW   B B  C         410      Y
9686  Auburn               ME  USA  LOW   B B  C         207      Y
7486  Augusta              ME  USA  LOW   B B  C         207      Y
10860 Bangor               ME  USA  LOW   B B  C         207      Y
9686  Lewiston/Auburn      ME  USA  LOW   B B  C         207      Y
4217  Portland             ME  USA  LOW   B B  C         207      Y
07252 Presque Isle         ME  USA  LOW   B B  C         207      Y
6438  Ann Arbor            MI  USA  MED   B B  C         313      Y
10147 Battle Creek         MI  USA  LOW   B B  C         616      Y
4231  Benton Harbor        MI  USA  LOW   B B  C         616      Y
894   Burton               MI  USA  LOW   B B  C         313      Y
4316  Cadillac             MI  USA  LOW   B B  C         616      Y
8794  Detroit              MI  USA  HIGH  B B  C         313      Y
8794  Detroit              MI  USA  HIGH  B B  C         313      Y
894   Flint/Burton         MI  USA  LOW   B B  C         313      Y
4766  Freeland             MI  USA  LOW   B B  C         517      Y
4017  Grand Rapids         MI  USA  MED   B B  C         616      Y
5747  Jackson              MI  USA  LOW   B B  C         517      Y
3195  Kalamazoo            MI  USA  MED   B B  C         616      Y
9992  Lansing              MI  USA  MED   B B  C         517      Y
7225  Marquette            MI  USA  LOW   B B  C         906      Y
4766  Midland/Freeland     MI  USA  LOW   B B  C         517      Y
4357  Muskegon             MI  USA  LOW   B B  C         616      Y
4847  Plymouth             MI  USA  MED   B B  C         313      Y
10342 Pontiac              MI  USA  LOW   B B  C         313      Y
4620  Port Huron           MI  USA  LOW   B B  C         313      Y
10754 Roseville            MI  USA  LOW   B B  C         313      Y
4766  Saginaw/Freeland     MI  USA  LOW   B B  C         517      Y
3424  Southfield           MI  USA  MED   B B  C         313      Y
4231  St. Joe/Benton Hrbr  MI  USA  LOW   B B  C         616      Y
6066  Traverse City        MI  USA  LOW   B B  C         616      Y
10933 Duluth               MN  USA  LOW   B B  C         218      Y
13488 Hibbing              MN  USA  LOW   B B  C         218      Y
1648  Mankato              MN  USA  LOW   B B  C         507      Y
3494  Minneapolis          MN  USA  HIGH  B B  C         612      Y
3494  Minneapolis          MN  USA  HIGH  B B  C         612      Y
10597 Rochester            MN  USA  LOW   B B  C         507      Y
10597 Rochester            MN  USA  LOW   B B  C         507      Y
14283 St. Cloud            MN  USA  LOW   B B  C         612      Y
3494  St. Paul/Minneapolis MN  USA  HIGH  B B  C         612      Y
3494  St. Paul/Minneapolis MN  USA  HIGH  B B  C         612      Y
8978  Bridgeton/St. Louis  MO  USA  HIGH  B B  C         314      Y
8978  Bridgeton/St. Louis  MO  USA  HIGH  B B  C         314      Y
8856  Cape Girardeau       MO  USA  LOW   B B  C         314      Y
6017  Columbia             MO  USA  LOW   B B  C         314      Y
8978  Hazelwood            MO  USA  HIGH  B B  C         314      Y
8615  Independence/Mission MO  USA  HIGH  B B  C         913      Y
8615  Independence/Mission MO  USA  HIGH  B B  C         913      Y
2564  Jefferson City       MO  USA  LOW   B B  C         314      Y
1928  Joplin               MO  USA  LOW   B B  C         417      Y
8615  Kansas City/Mission  MO  USA  HIGH  B B  C         913      Y
8615  Kansas City/Mission  MO  USA  HIGH  B B  C         913      Y
6182  Rolla                MO  USA  LOW   B B  C         314      Y
5681  Springfield          MO  USA  LOW   B B  C         417      Y
6192  St. Joseph           MO  USA  LOW   B B  C         816      Y
8978  St. Louis            MO  USA  HIGH  B B  C         314      Y
8978  St. Louis            MO  USA  HIGH  B B  C         314      Y
14342 Gulfport             MS  USA  LOW   B B  C         601      Y
1164  Hattiesburg          MS  USA  LOW   B B  C         601      Y
6301  Jackson              MS  USA  LOW   B B  C         601      Y
6301  Jackson              MS  USA  LOW   B B  C         601      Y
6491  Meridian             MS  USA  LOW   B B  C         601      Y
14882 Pascagoula           MS  USA  LOW   B B  C         601      Y
9901  Tupelo               MS  USA  LOW   B B  C         601      Y
10874 Vicksburg            MS  USA  LOW   B B  C         601      Y
3504  Billings             MT  USA  LOW   B B  C         406      Y
7946  Bozeman              MT  USA  LOW   B B  C         406      Y
7862  Butte                MT  USA  LOW   B B  C         406      Y
04506 Great Falls          MT  USA  LOW   B B  C         406      Y
5136  Helena               MT  USA  LOW   B B  C         406      Y
274   Asheville            NC  USA  LOW   B B  C         704      Y
9986  Chapel Hill/Durham   NC  USA  HIGH  B B  C         919      Y
9986  Chapel Hill/Durham   NC  USA  HIGH  B B  C         919      Y
6793  Charlotte            NC  USA  HIGH  B B  C         704      Y
6793  Charlotte            NC  USA  HIGH  B B  C         704      Y
9986  Durham               NC  USA  HIGH  B B  C         919      Y
9986  Durham               NC  USA  HIGH  B B  C         919      Y
10985 Fayetteville         NC  USA  LOW   B B  C         919      Y
3703  Gastonia             NC  USA  LOW   B B  C         704      Y
2964  Greensboro           NC  USA  MED   B B  C         919      Y
2004  Greenville           NC  USA  LOW   B B  C         919      Y
1737  High Point           NC  USA  LOW   B B  C         919      Y
7821  Kannapolis           NC  USA  LOW   B B  C         704      Y
9324  Rocky Mount          NC  USA  LOW   B B  C         919      Y
14364 Wilmington           NC  USA  LOW   B B  C         919      Y
7068  Winston-Salem        NC  USA  MED   B B  C         919      Y
7068  Winston-Salem        NC  USA  MED   B B  C         919      Y
14444 Bismark              ND  USA  LOW   B B  C         701      Y
5251  Fargo                ND  USA  LOW   B B  C         701      Y
7233  Grand Forks          ND  USA  LOW   B B  C         701      Y
4281  Minot                ND  USA  LOW   B B  C         701      Y
14994 Minot                ND  USA  LOW   B B  C         701      Y
6997  Grand Island         NE  USA  LOW   B B  C         308      Y
9856  Lincoln              NE  USA  LOW   B B  C         402      Y
2521  Omaha                NE  USA  MED   B B  C         402      Y
7212  Concord              NH  USA  LOW   B B  C         603      Y
6651  Durham               NH  USA  LOW   B B  C         603      Y
3627  Hanover              NH  USA  LOW   B B  C         603      Y
4027  Manchester           NH  USA  LOW   B B  C         603      Y
1347  Nashua               NH  USA  MED   B B  C         603      Y
1696  North Hampton        NH  USA  LOW   B B  C         603      Y
1554  Peterborough         NH  USA  LOW   B B  C         603      Y
1347  Salem/Nashua         NH  USA  MED   B B  C         603      Y
883   Atlantic City        NJ  USA  LOW   B B  C         609      Y
8693  Camden/Pennsauken    NJ  USA  MED   B B  C         609      Y
8693  Cherry hill/Pennskn  NJ  USA  MED   B B  C         609      Y
6334  Eatontown/Red Bank   NJ  USA  LOW   B B  C         908      Y
6334  Eatontown/Red Bank   NJ  USA  LOW   B B  C         908      Y
7618  Elizabeth/Newark     NJ  USA  HIGH  B B  C         201      Y
7618  Elizabeth/Newark     NJ  USA  HIGH  B B  C         201      Y
6319  Englewood Cliffs     NJ  USA  MED   B B  C         201      Y
7618  Jersey City/Newark   NJ  USA  HIGH  B B  C         201      Y
7618  Jersey City/Newark   NJ  USA  HIGH  B B  C         201      Y
6334  Long Branch/Red Bank NJ  USA  LOW   B B  C         908      Y
6334  Long Branch/Red Bank NJ  USA  LOW   B B  C         908      Y
4378  Lyndhurst/Union City NJ  USA  HIGH  B B  C         201      Y
3820  Morristown           NJ  USA  LOW   B B  C         201      Y
7618  Newark               NJ  USA  HIGH  B B  C         201      Y
7618  Newark               NJ  USA  HIGH  B B  C         201      Y
2312  Paterson             NJ  USA  MED   B B  C         201      Y
8693  Pennsauken           NJ  USA  MED   B B  C         609      Y
3319  Piscataway           NJ  USA  HIGH  B B  C         908      Y
6334  Red Bank             NJ  USA  LOW   B B  C         908      Y
2312  Ridgewood/Paterson   NJ  USA  MED   B B  C         201      Y
8920  South Brunswick      NJ  USA  HIGH  B B  C         609      Y
730   Trenton              NJ  USA  LOW   B B  C         609      Y
4378  Union City           NJ  USA  HIGH  B B  C         201      Y
7618  Union/Newark         NJ  USA  HIGH  B B  C         201      Y
7618  Union/Newark         NJ  USA  HIGH  B B  C         201      Y
14708 Vineland             NJ  USA  LOW   B B  C         609      Y
2312  Wayne/Paterson       NJ  USA  MED   B B  C         201      Y
661   Albuquerque          NM  USA  MED   B B  C         505      Y
6630  Las Cruces           NM  USA  LOW   B B  C         505      Y
14541 Rosewell             NM  USA  LOW   B B  C         505      Y
4604  Santa Fe             NM  USA  LOW   B B  C         505      Y
2140  Carson City          NV  USA  MED   B B  C         702      Y
2140  Carson City          NV  USA  MED   B B  C         702      Y
13943 Las Vegas            NV  USA  MED   B B  C         702      Y
13943 Las Vegas            NV  USA  MED   B B  C         702      Y
2140  Reno/Carson City     NV  USA  MED   B B  C         702      Y
2140  Reno/Carson City     NV  USA  MED   B B  C         702      Y
9192  Albany               NY  USA  MED   B B  C         518      Y
5312  Binghampton          NY  USA  LOW   B B  C         607      Y
9194  Buffalo              NY  USA  MED   B B  C         716      Y
582   Centereach/Lk Grove  NY  USA  MED   B B  C         516      Y
6612  Corning              NY  USA  LOW   B B  C         607      Y
15117 Elmira               NY  USA  LOW   B B  C         607      Y
09193 Hempstead            NY  USA  MED   B B  C         516      Y
9193  Hempstead            NY  USA  MED   B B  C         516      Y
8811  Huntington/Melville  NY  USA  MED   B B  C         516      Y
11191 Ithaca               NY  USA  LOW   B B  C         607      Y
8861  Kingston             NY  USA  LOW   B B  C         914      Y
582   Lake Grove           NY  USA  MED   B B  C         516      Y
8811  Melville             NY  USA  MED   B B  C         516      Y
9193  Mineola/Hempstead    NY  USA  MED   B B  C         516      Y
9193  Mineola/Hempstead    NY  USA  MED   B B  C         516      Y
10615 New City             NY  USA  LOW   B B  C         914      Y
1059  New York             NY  USA  HIGH  B B  C         212      Y
1059  New York             NY  USA  HIGH  B B  C         212      Y
1059  New York             NY  USA  HIGH  B B  C         212      Y
1059  New York             NY  USA  HIGH  B B  C         212      Y
3480  Niagara Falls        NY  USA  LOW   B B  C         716      Y
6019  Perinton/Pittsford   NY  USA  HIGH  B B  C         716      Y
6019  Pittsford            NY  USA  HIGH  B B  C         716      Y
2930  Poughkeepsie         NY  USA  LOW   B B  C         914      Y
6019  Rochester/Pittsford  NY  USA  HIGH  B B  C         716      Y
582   Ronkonkoma/Lake Grve NY  USA  MED   B B  C         516      Y
9192  Schenectady/Albany   NY  USA  MED   B B  C         518      Y
4710  Syracuse             NY  USA  MED   B B  C         315      Y
1101  Utica                NY  USA  LOW   B B  C         315      Y
08109 Watertown            NY  USA  LOW   B B  C         315      Y
8571  White Plains         NY  USA  HIGH  B B  C         914      Y
8571  White Plains         NY  USA  HIGH  B B  C         914      Y
8740  Akron                OH  USA  MED   B B  C         216      Y
8740  Akron                OH  USA  MED   B B  C         216      Y
8160  Canton               OH  USA  LOW   B B  C         216      Y
1785  Cincinnati           OH  USA  HIGH  B B  C         513      Y
1785  Cincinnati           OH  USA  HIGH  B B  C         513      Y
4222  Cleveland            OH  USA  HIGH  B B  C         216      Y
4222  Cleveland            OH  USA  HIGH  B B  C         216      Y
9347  Columbus             OH  USA  HIGH  B B  C         614      Y
9511  Dayton               OH  USA  MED   B B  C         513      Y
8859  Elyria               OH  USA  LOW   B B  C         216      Y
1427  Findly               OH  USA  LOW   B B  C         419      Y
4622  Lima                 OH  USA  LOW   B B  C         419      Y
6022  Mansfield            OH  USA  LOW   B B  C         419      Y
13471 Springfield          OH  USA  LOW   B B  C         513      Y
7313  Steubenville/Wntsvl  OH  USA  LOW   B B  C         614      Y
1190  Toledo               OH  USA  MED   B B  C         419      Y
1190  Toledo               OH  USA  MED   B B  C         419      Y
11131 Warren               OH  USA  LOW   B B  C         216      Y
7313  Wintersville         OH  USA  LOW   B B  C         614      Y
4909  Youngstown           OH  USA  LOW   B B  C         216      Y
7231  Ardmore              OK  USA  LOW   B B  C         405      Y
10816 Enid                 OK  USA  LOW   B B  C         405      Y
16218 Lawton               OK  USA  LOW   B B  C         405      Y
9165  Oklahoma City        OK  USA  HIGH  B B  C         405      Y
6605  Tulsa                OK  USA  HIGH  B B  C         918      Y
06605 Tulsa                OK  USA  HIGH  B B  C         918      Y
2820  Bend                 OR  USA  LOW   B B  C         503      Y
8603  Corvallis            OR  USA  LOW   B B  C         503      Y
9857  Eugene               OR  USA  LOW   B B  C         503      Y
7883  Medford              OR  USA  LOW   B B  C         503      Y
9164  Portland             OR  USA  HIGH  B B  C         503      Y
9164  Portland             OR  USA  HIGH  B B  C         503      Y
3174  Salem                OR  USA  LOW   B B  C         503      Y
9857  Springfield/Eugene   OR  USA  LOW   B B  C         503      Y
3432  Allentown/Bethlehem  PA  USA  MED   B B  C         215      Y
7025  Altoona              PA  USA  LOW   B B  C         814      Y
3432  Bethlehem            PA  USA  MED   B B  C         215      Y
3896  Butler               PA  USA  LOW   B B  C         412      Y
182   Coatesville          PA  USA  LOW   B B  C         215      Y
182   Downington/Coatsvlle PA  USA  LOW   B B  C         215      Y
3338  Erie                 PA  USA  LOW   B B  C         814      Y
13069 Greensburg           PA  USA  LOW   B B  C         412      Y
1707  Harrisburg/Lemoyne   PA  USA  MED   B B  C         717      Y
8376  Johnstown            PA  USA  LOW   B B  C         814      Y
508   KingofPrussa/Norstwn PA  USA  MED   B B  C         215      Y
7853  Lancaster            PA  USA  LOW   B B  C         717      Y
13069 Latrobe/Greensburg   PA  USA  LOW   B B  C         412      Y
1707  Lemoyne              PA  USA  MED   B B  C         717      Y
14610 Mt. Penn             PA  USA  LOW   B B  C         215      Y
7851  New Castle           PA  USA  LOW   B B  C         412      Y
508   Norristown           PA  USA  MED   B B  C         215      Y
9581  Philadelphia         PA  USA  HIGH  B B  C         215      Y
9581  Philadelphia         PA  USA  HIGH  B B  C         215      Y
9581  Philadelphia         PA  USA  HIGH  B B  C         215      Y
7408  Pittsburgh           PA  USA  HIGH  B B  C         412      Y
1572  Scranton             PA  USA  LOW   B B  C         717      Y
8907  Secane               PA  USA  LOW   B B  C         215      Y
3765  State College        PA  USA  LOW   B B  C         814      Y
508   Valley Forge/Norstwn PA  USA  MED   B B  C         215      Y
7941  Wilkes Barre         PA  USA  LOW   B B  C         717      Y
11157 Williamsport         PA  USA  LOW   B B  C         717      Y
4382  York                 PA  USA  LOW   B B  C         717      Y
6425  Middletown           RI  USA  LOW   B B  C         401      Y
6425  Newport/Middletown   RI  USA  LOW   B B  C         401      Y
9130  Pawtucket/Providence RI  USA  HIGH  B B  C         401      Y
9130  Pawtucket/Providence RI  USA  HIGH  B B  C         401      Y
9130  Providence           RI  USA  HIGH  B B  C         401      Y
9130  Providence           RI  USA  HIGH  B B  C         401      Y
9130  Warwick/Providence   RI  USA  HIGH  B B  C         401      Y
9130  Warwick/Providence   RI  USA  HIGH  B B  C         401      Y
11293 Woonsocket           RI  USA  LOW   B B  C         401      Y
2917  Aiken                SC  USA  LOW   B B  C         803      Y
9907  Charleston           SC  USA  LOW   B B  C         803      Y
9993  Columbia             SC  USA  MED   B B  C         803      Y
9993  Columbia             SC  USA  MED   B B  C         803      Y
9993  Columbia             SC  USA  MED   B B  C         803      Y
8860  Florence             SC  USA  LOW   B B  C         803      Y
3380  Greenville           SC  USA  MED   B B  C         803      Y
3380  Greenville           SC  USA  MED   B B  C         803      Y
935   Myrtle Beach         SC  USA  LOW   B B  C         803      Y
14407 Spartanburg          SC  USA  LOW   B B  C         803      Y
8872  Pierre               SD  USA  LOW   B B  C         605      Y
2171  Rapid City           SD  USA  LOW   B B  C         605      Y
8819  Sioux Falls          SD  USA  LOW   B B  C         605      Y
1836  Blountville          TN  USA  LOW   B B  C         615      Y
2937  Chattanooga          TN  USA  MED   B B  C         615      Y
5720  Clarkesville         TN  USA  LOW   B B  C         615      Y
3175  Jackson              TN  USA  LOW   B B  C         901      Y
8502  Johnson City         TN  USA  LOW   B B  C         615      Y
8328  Kingsport            TN  USA  LOW   B B  C         615      Y
13895 Knoxville            TN  USA  MED   B B  C         615      Y
13895 Knoxville            TN  USA  MED   B B  C         615      Y
1551  Memphis              TN  USA  MED   B B  C         901      Y
1551  Memphis              TN  USA  MED   B B  C         901      Y
9141  Nashville            TN  USA  HIGH  B B  C         615      Y
9141  Nashville            TN  USA  HIGH  B B  C         615      Y
9141  Nashville            TN  USA  HIGH  B B  C         615      Y
9683  Oakridge             TN  USA  LOW   B B  C         615      Y
9114  Sevierville          TN  USA  LOW   B B  C         615      Y
6980  Abilene              TX  USA  LOW   B B  C         915      Y
8736  Amarillo             TX  USA  LOW   B B  C         806      Y
9337  Arlington/Fort Worth TX  USA  MED   B B  C         817      Y
1306  Austin               TX  USA  HIGH  B B  C         512      Y
1306  Austin               TX  USA  HIGH  B B  C         512      Y
1306  Austin               TX  USA  HIGH  B B  C         512      Y
7758  Baytown              TX  USA  LOW   B B  C         713      Y
5115  Brownsville          TX  USA  LOW   B B  C         512      Y
14871 Bryan                TX  USA  LOW   B B  C         409      Y
4497  College Statn/Bryan  TX  USA  LOW   B B  C         409      Y
11966 Corpus Christi       TX  USA  MED   B B  C         512      Y
2948  Dallas               TX  USA  HIGH  B B  C         214      Y
2948  Dallas               TX  USA  HIGH  B B  C         214      Y
2948  Dallas               TX  USA  HIGH  B B  C         214      Y
5990  Denton               TX  USA  LOW   B B  C         817      Y
210   El Paso              TX  USA  MED   B B  C         915      Y
210   El Paso              TX  USA  MED   B B  C         915      Y
9337  Fort Worth           TX  USA  MED   B B  C         817      Y
3615  Galveston            TX  USA  LOW   B B  C         409      Y
13481 Harlingen            TX  USA  LOW   B B  C         512      Y
4562  Houston              TX  USA  HIGH  B B  C         713      Y
4562  Houston              TX  USA  HIGH  B B  C         713      Y
4562  Houston              TX  USA  HIGH  B B  C         713      Y
4562  Houston              TX  USA  HIGH  B B  C         713      Y
4562  Houston              TX  USA  HIGH  B B  C         713      Y
9861  Killeen              TX  USA  LOW   B B  C         817      Y
3715  Laredo               TX  USA  LOW   B B  C         512      Y
948   Longview             TX  USA  LOW   B B  C         903      Y
4435  Lubbock              TX  USA  LOW   B B  C         806      Y
12022 Mcallen              TX  USA  LOW   B B  C         512      Y
8254  McKinney             TX  USA  LOW   B B  C         214      Y
04905 Midland              TX  USA  LOW   B B  C         915      Y
9322  Nederland/Pt. Arthur TX  USA  LOW   B B  C         409      Y
2326  Odessa/Midland       TX  USA  LOW   B B  C         915      Y
9322  Port Arthur          TX  USA  LOW   B B  C         409      Y
8511  San Angelo           TX  USA  LOW   B B  C         915      Y
9169  San Antonio          TX  USA  HIGH  B B  C         512      Y
09169 San Antonio          TX  USA  HIGH  B B  C         512      Y
9169  San Antonio          TX  USA  HIGH  B B  C         512      Y
6248  Sherman              TX  USA  LOW   B B  C         903      Y
14777 Temple               TX  USA  LOW   B B  C         817      Y
8871  Texarkana            TX  USA  LOW   B B  C         903      Y
3615  Texas City/Galveston TX  USA  LOW   B B  C         409      Y
3826  Tyler                TX  USA  LOW   B B  C         903      Y
10996 Victoria             TX  USA  LOW   B B  C         512      Y
9859  Waco                 TX  USA  LOW   B B  C         817      Y
6862  Wichita Falls        TX  USA  LOW   B B  C         817      Y
07936 Ogden                UT  USA  LOW   B B  C         801      Y
534   Salt Lake City       UT  USA  HIGH  B B  C         801      Y
534   Salt Lake City       UT  USA  HIGH  B B  C         801      Y
2262  Alexandria/Fairfax   VA  USA  HIGH  B B  C         703      Y
2262  Alexandria/Fairfax   VA  USA  HIGH  B B  C         703      Y
2262  Alexandria/Fairfax   VA  USA  HIGH  B B  C         703      Y
2262  Alexandria/Fairfax   VA  USA  HIGH  B B  C         703      Y
2262  Alexandria/Fairfax   VA  USA  HIGH  B B  C         703      Y
2262  Arlington/Fairfax    VA  USA  HIGH  B B  C         703      Y
2262  Arlington/Fairfax    VA  USA  HIGH  B B  C         703      Y
2262  Arlington/Fairfax    VA  USA  HIGH  B B  C         703      Y
2262  Arlington/Fairfax    VA  USA  HIGH  B B  C         703      Y
2262  Arlington/Fairfax    VA  USA  HIGH  B B  C         703      Y
8531  Charlottesville      VA  USA  LOW   B B  C         804      Y
2262  Fairfax              VA  USA  HIGH  B B  C         703      Y
2262  Fairfax              VA  USA  HIGH  B B  C         703      Y
2262  Fairfax              VA  USA  HIGH  B B  C         703      Y
2262  Fairfax              VA  USA  HIGH  B B  C         703      Y
2262  Fairfax              VA  USA  HIGH  B B  C         703      Y
8215  Hampton              VA  USA  MED   B B  C         804      Y
10149 Harrisonburg         VA  USA  LOW   B B  C         703      Y
2839  Lynchburg            VA  USA  LOW   B B  C         804      Y
4975  Manassas             VA  USA  LOW   B B  C         703      Y
413   Midlothian/Richmond  VA  USA  MED   B B  C         804      Y
413   Midlothian/Richmond  VA  USA  MED   B B  C         804      Y
8459  Newport News         VA  USA  MED   B B  C         804      Y
6986  Norfolk              VA  USA  MED   B B  C         804      Y
14706 Petersburg           VA  USA  LOW   B B  C         804      Y
6986  Portsmouth/Norfolk   VA  USA  MED   B B  C         804      Y
6986  Portsmouth/Norfolk   VA  USA  MED   B B  C         804      Y
413   Richmond             VA  USA  MED   B B  C         804      Y
413   Richmond             VA  USA  MED   B B  C         804      Y
4026  Roanoke              VA  USA  LOW   B B  C         703      Y
6986  Virginia Bch/Norfolk VA  USA  MED   B B  C         804      Y
6986  Virginia Bch/Norfolk VA  USA  MED   B B  C         804      Y
4557  Williamsburg         VA  USA  LOW   B B  C         804      Y
3435  Burlington           VT  USA  LOW   B B  C         802      Y
1827  Auburn               WA  USA  LOW   B B  C         206      Y
9170  Bellevue/Seattle     WA  USA  HIGH  B B  C         206      Y
9170  Bellevue/Seattle     WA  USA  HIGH  B B  C         206      Y
9170  Bellevue/Seattle     WA  USA  HIGH  B B  C         206      Y
8373  Bellingham           WA  USA  LOW   B B  C         206      Y
773   Bremerton            WA  USA  LOW   B B  C         206      Y
1827  Enumclaw/Auburn      WA  USA  LOW   B B  C         206      Y
5133  Everett              WA  USA  LOW   B B  C         206      Y
2944  Longview             WA  USA  LOW   B B  C         206      Y
2508  Olympia              WA  USA  LOW   B B  C         206      Y
6113  Port Angeles         WA  USA  LOW   B B  C         206      Y
5298  Pullman              WA  USA  LOW   B B  C         509      Y
2116  Richland             WA  USA  MED   B B  C         509      Y
2116  Richland             WA  USA  MED   B B  C         509      Y
9170  Seattle              WA  USA  HIGH  B B  C         206      Y
9170  Seattle              WA  USA  HIGH  B B  C         206      Y
9170  Seattle              WA  USA  HIGH  B B  C         206      Y
159   Spokane              WA  USA  MED   B B  C         509      Y
906   Tacoma               WA  USA  LOW   B B  C         206      Y
5447  Vancouver            WA  USA  LOW   B B  C         206      Y
8931  Yakima               WA  USA  LOW   B B  C         509      Y
8868  Appleton             WI  USA  LOW   B B  C         414      Y
5314  Beloit               WI  USA  LOW   B B  C         608      Y
9167  Brookfield           WI  USA  HIGH  B B  C         414      Y
9786  Eau Claire           WI  USA  LOW   B B  C         715      Y
3421  Green Bay            WI  USA  LOW   B B  C         414      Y
5314  Janesville/Beloit    WI  USA  LOW   B B  C         608      Y
6966  Kenosha              WI  USA  LOW   B B  C         414      Y
4633  La Crosse            WI  USA  LOW   B B  C         608      Y
2635  Madison              WI  USA  LOW   B B  C         608      Y
9167  Milwaukee/Brookfield WI  USA  HIGH  B B  C         414      Y
5966  Oshkosh              WI  USA  LOW   B B  C         414      Y
6966  Racine/Kenosha       WI  USA  LOW   B B  C         414      Y
1792  Sheboygan            WI  USA  LOW   B B  C         414      Y
5144  Wausau               WI  USA  LOW   B B  C         715      Y
5465  West Bend            WI  USA  LOW   B B  C         414      Y
3431  Charleston           WV  USA  LOW   B B  C         304      Y
6594  Huntington           WV  USA  LOW   B B  C         304      Y
890   Morgantown           WV  USA  LOW   B B  C         304      Y
12924 Parkersburg          WV  USA  LOW   B B  C         304      Y
890   Westover/Morgantown  WV  USA  LOW   B B  C         304      Y
6681  Wheeling             WV  USA  LOW   B B  C         304      Y
10537 Casper               WY  USA  LOW   B B  C         307      Y
4213  Cheyenne             WY  USA  LOW   B B  C         307      Y
1752  Laramie              WY  USA  LOW   B B  C         307      Y

B=BELL 103/113 (300 bps) or BELL 212A (1200 bps) compatable modems.

C=CCITT V.21(300 bps) or CCITT V.22 bis(2400 bps) or CCITT V.32 compatible
  modems.
